Mã PKKH,Mã khách hàng,Total Days
C1,CUZ00001,0.0
B1,CUZ00002,0.0
A3,CUZ00003,45.5
B3,CUZ00004,0.0
A1,CUZ00005,0.0
B3,CUZ00006,0.0
C1,CUZ00007,0.0
C1,CUZ00008,0.0
B1,CUZ00009,0.0
B3,CUZ00010,0.0
C2,CUZ00011,0.0
A1,CUZ00012,66.5
B3,CUZ00013,0.0
A1,CUZ00014,0.0
A3,CUZ00015,0.0
C1,CUZ00016,0.0
A3,CUZ00017,0.0
B3,CUZ00018,0.0
B3,CUZ00019,0.0
A3,CUZ00020,0.0
B1,CUZ00021,0.0
A1,CUZ00022,0.0
A1,CUZ00023,0.0
C2,CUZ00024,83.0
B3,CUZ00025,0.0
A3,CUZ00026,0.0
A3,CUZ00027,0.0
B2,CUZ00028,0.0
A2,CUZ00029,0.0
C1,CUZ00030,0.0
A3,CUZ00031,0.0
A3,CUZ00032,0.0
C2,CUZ00033,0.0
A3,CUZ00034,0.0
A2,CUZ00035,140.0
B2,CUZ00036,0.0
B3,CUZ00037,0.0
A3,CUZ00038,0.0
B2,CUZ00039,0.0
A3,CUZ00040,0.0
A3,CUZ00041,0.0
A1,CUZ00042,58.8
A2,CUZ00043,0.0
A3,CUZ00044,0.0
A1,CUZ00045,0.0
B2,CUZ00046,0.0
A2,CUZ00047,0.0
A3,CUZ00048,0.0
B3,CUZ00049,0.0
C3,CUZ00050,0.0
C2,CUZ00051,0.0
C2,CUZ00052,0.0
A3,CUZ00053,0.0
C3,CUZ00054,0.0
B1,CUZ00055,0.0
B3,CUZ00056,0.0
B1,CUZ00057,0.0
B3,CUZ00058,0.0
B1,CUZ00059,0.0
C3,CUZ00060,0.0
B2,CUZ00061,0.0
A3,CUZ00062,0.0
B1,CUZ00063,260.0
B1,CUZ00064,0.0
A1,CUZ00065,58.0
C1,CUZ00066,0.0
B1,CUZ00067,0.0
B3,CUZ00068,0.0
B1,CUZ00069,0.0
A2,CUZ00070,56.0
B2,CUZ00071,0.0
A1,CUZ00072,31.0
B2,CUZ00073,0.0
B2,CUZ00074,0.0
C2,CUZ00075,0.0
A2,CUZ00076,0.0
C2,CUZ00077,0.0
A3,CUZ00078,0.0
A2,CUZ00079,0.0
C1,CUZ00080,0.0
A1,CUZ00081,0.0
A3,CUZ00082,0.0
B2,CUZ00083,0.0
C2,CUZ00084,0.0
B2,CUZ00085,0.0
B3,CUZ00086,0.0
C3,CUZ00087,0.0
A3,CUZ00088,0.0
A3,CUZ00089,0.0
A3,CUZ00090,0.0
A1,CUZ00091,0.0
B1,CUZ00092,0.0
B1,CUZ00093,0.0
A3,CUZ00094,0.0
A1,CUZ00095,0.0
A2,CUZ00096,0.0
B3,CUZ00097,0.0
A3,CUZ00098,0.0
A2,CUZ00099,0.0
C1,CUZ00100,0.0
B2,CUZ00101,0.0
A1,CUZ00102,0.0
A2,CUZ00103,0.0
B3,CUZ00104,0.0
A1,CUZ00105,104.7
B2,CUZ00106,75.0
C2,CUZ00107,0.0
C1,CUZ00108,0.0
A1,CUZ00109,0.0
A3,CUZ00110,0.0
A1,CUZ00111,0.0
A1,CUZ00112,62.3
C1,CUZ00113,0.0
B3,CUZ00114,0.0
C2,CUZ00115,0.0
A3,CUZ00116,0.0
A1,CUZ00117,0.0
B1,CUZ00118,0.0
B2,CUZ00119,0.0
B2,CUZ00120,0.0
A1,CUZ00121,58.2
A3,CUZ00122,0.0
B2,CUZ00123,0.0
C2,CUZ00124,0.0
B2,CUZ00125,0.0
A1,CUZ00126,0.0
A1,CUZ00127,0.0
B2,CUZ00128,0.0
A1,CUZ00129,0.0
A2,CUZ00130,0.0
B3,CUZ00131,0.0
C2,CUZ00132,0.0
A2,CUZ00133,0.0
B3,CUZ00134,0.0
A2,CUZ00135,0.0
C1,CUZ00136,0.0
C3,CUZ00137,0.0
B1,CUZ00138,0.0
B2,CUZ00139,0.0
A1,CUZ00140,0.0
B3,CUZ00141,0.0
B2,CUZ00142,0.0
A2,CUZ00143,0.0
A1,CUZ00144,0.0
A1,CUZ00145,87.0
B3,CUZ00146,0.0
A3,CUZ00147,38.4
A2,CUZ00148,0.0
A3,CUZ00149,0.0
B1,CUZ00150,0.0
A2,CUZ00151,0.0
C1,CUZ00152,0.0
A3,CUZ00153,0.0
C1,CUZ00154,0.0
B3,CUZ00155,0.0
C3,CUZ00156,0.0
B1,CUZ00157,0.0
A3,CUZ00158,0.0
A2,CUZ00159,0.0
A3,CUZ00160,0.0
A2,CUZ00161,0.0
B1,CUZ00162,0.0
A3,CUZ00163,0.0
C1,CUZ00164,0.0
A3,CUZ00165,0.0
B3,CUZ00166,0.0
A1,CUZ00167,59.2
B1,CUZ00168,0.0
A1,CUZ00169,0.0
B1,CUZ00170,0.0
B2,CUZ00171,0.0
A1,CUZ00172,43.7
A2,CUZ00173,204.0
B2,CUZ00174,0.0
B3,CUZ00175,0.0
A2,CUZ00176,0.0
A1,CUZ00177,0.0
B1,CUZ00178,0.0
A1,CUZ00179,55.0
C2,CUZ00180,0.0
C2,CUZ00181,0.0
B2,CUZ00182,0.0
B1,CUZ00183,0.0
B2,CUZ00184,0.0
A2,CUZ00185,221.0
B2,CUZ00186,0.0
B1,CUZ00187,0.0
A1,CUZ00188,0.0
B2,CUZ00189,0.0
C1,CUZ00190,0.0
A1,CUZ00191,0.0
B2,CUZ00192,0.0
A2,CUZ00193,0.0
C3,CUZ00194,0.0
B2,CUZ00195,0.0
C1,CUZ00196,0.0
A3,CUZ00197,0.0
B2,CUZ00198,0.0
A2,CUZ00199,0.0
B1,CUZ00200,0.0
C2,CUZ00201,0.0
A3,CUZ00202,0.0
C1,CUZ00203,0.0
B3,CUZ00204,0.0
B1,CUZ00205,0.0
C1,CUZ00206,0.0
A1,CUZ00207,28.8
A3,CUZ00208,0.0
C1,CUZ00209,0.0
B3,CUZ00210,0.0
B1,CUZ00211,0.0
B2,CUZ00212,0.0
A1,CUZ00213,63.2
A2,CUZ00214,0.0
C3,CUZ00215,0.0
C1,CUZ00216,0.0
A2,CUZ00217,0.0
C1,CUZ00218,0.0
A1,CUZ00219,0.0
A3,CUZ00220,0.0
A1,CUZ00221,123.5
A2,CUZ00222,0.0
C1,CUZ00223,0.0
C3,CUZ00224,0.0
B1,CUZ00225,0.0
A1,CUZ00226,86.5
C2,CUZ00227,0.0
A1,CUZ00228,0.0
C1,CUZ00229,0.0
B2,CUZ00230,0.0
B2,CUZ00231,0.0
C3,CUZ00232,0.0
C2,CUZ00233,0.0
B3,CUZ00234,0.0
A3,CUZ00235,0.0
A3,CUZ00236,0.0
B2,CUZ00237,0.0
A1,CUZ00238,0.0
A1,CUZ00239,0.0
A2,CUZ00240,119.0
B3,CUZ00241,0.0
B3,CUZ00242,125.0
B1,CUZ00243,0.0
B3,CUZ00244,0.0
B2,CUZ00245,0.0
A1,CUZ00246,60.0
A1,CUZ00247,61.5
A3,CUZ00248,0.0
C3,CUZ00249,0.0
C3,CUZ00250,0.0
B1,CUZ00251,0.0
A2,CUZ00252,0.0
A1,CUZ00253,56.0
A2,CUZ00254,0.0
A2,CUZ00255,165.5
A3,CUZ00256,0.0
C2,CUZ00257,0.0
C3,CUZ00258,0.0
B2,CUZ00259,0.0
C3,CUZ00260,0.0
B2,CUZ00261,0.0
C3,CUZ00262,0.0
B3,CUZ00263,0.0
C3,CUZ00264,0.0
C1,CUZ00265,0.0
B3,CUZ00266,0.0
B1,CUZ00267,0.0
C2,CUZ00268,0.0
C1,CUZ00269,0.0
A1,CUZ00270,0.0
A2,CUZ00271,0.0
A2,CUZ00272,0.0
B2,CUZ00273,0.0
A3,CUZ00274,0.0
A3,CUZ00275,0.0
A3,CUZ00276,0.0
A1,CUZ00277,44.0
B2,CUZ00278,0.0
B3,CUZ00279,0.0
A2,CUZ00280,0.0
B1,CUZ00281,108.3
A2,CUZ00282,0.0
C2,CUZ00283,0.0
B1,CUZ00284,0.0
C1,CUZ00285,0.0
A3,CUZ00286,132.0
B1,CUZ00287,0.0
B1,CUZ00288,0.0
A2,CUZ00289,0.0
A2,CUZ00290,0.0
C1,CUZ00291,0.0
A3,CUZ00292,0.0
B1,CUZ00293,0.0
A1,CUZ00294,0.0
A1,CUZ00295,0.0
B3,CUZ00296,0.0
A1,CUZ00297,0.0
C1,CUZ00298,0.0
B2,CUZ00299,0.0
B2,CUZ00300,0.0
B1,CUZ00301,0.0
A3,CUZ00302,0.0
A3,CUZ00303,0.0
B1,CUZ00304,0.0
B2,CUZ00305,0.0
A3,CUZ00306,0.0
C2,CUZ00307,0.0
B3,CUZ00308,0.0
A1,CUZ00309,0.0
A3,CUZ00310,0.0
A3,CUZ00311,0.0
A3,CUZ00312,0.0
C2,CUZ00313,0.0
B3,CUZ00314,0.0
A1,CUZ00315,0.0
B2,CUZ00316,0.0
B1,CUZ00317,0.0
A3,CUZ00318,0.0
A2,CUZ00319,0.0
A2,CUZ00320,0.0
A2,CUZ00321,0.0
C2,CUZ00322,0.0
A1,CUZ00323,0.0
C1,CUZ00324,0.0
C1,CUZ00325,0.0
A2,CUZ00326,0.0
A2,CUZ00327,0.0
C1,CUZ00328,0.0
B3,CUZ00329,0.0
A1,CUZ00330,34.9
A1,CUZ00331,36.3
B3,CUZ00332,0.0
B2,CUZ00333,0.0
A1,CUZ00334,0.0
A2,CUZ00335,0.0
A2,CUZ00336,0.0
A3,CUZ00337,0.0
A1,CUZ00338,0.0
C1,CUZ00339,0.0
A3,CUZ00340,0.0
A1,CUZ00341,62.0
C2,CUZ00342,0.0
C2,CUZ00343,0.0
A1,CUZ00344,78.0
C2,CUZ00345,0.0
B3,CUZ00346,0.0
A3,CUZ00347,0.0
C3,CUZ00348,0.0
A2,CUZ00349,95.0
A2,CUZ00350,0.0
B2,CUZ00351,0.0
A1,CUZ00352,0.0
A2,CUZ00353,0.0
A3,CUZ00354,0.0
C3,CUZ00355,0.0
A3,CUZ00356,0.0
C3,CUZ00357,0.0
B2,CUZ00358,0.0
A3,CUZ00359,0.0
A2,CUZ00360,0.0
A3,CUZ00361,0.0
A1,CUZ00362,0.0
A2,CUZ00363,0.0
A3,CUZ00364,70.0
B2,CUZ00365,0.0
C1,CUZ00366,0.0
B1,CUZ00367,0.0
C2,CUZ00368,0.0
A2,CUZ00369,0.0
B3,CUZ00370,0.0
B1,CUZ00371,0.0
C1,CUZ00372,0.0
A1,CUZ00373,80.5
A1,CUZ00374,33.0
B2,CUZ00375,0.0
C1,CUZ00376,0.0
A1,CUZ00377,0.0
C1,CUZ00378,0.0
A2,CUZ00379,0.0
A2,CUZ00380,0.0
C1,CUZ00381,0.0
A1,CUZ00382,0.0
B2,CUZ00383,0.0
A3,CUZ00384,0.0
C3,CUZ00385,0.0
A3,CUZ00386,60.0
A1,CUZ00387,0.0
B1,CUZ00388,97.0
A1,CUZ00389,0.0
C1,CUZ00390,0.0
A1,CUZ00391,0.0
B2,CUZ00392,0.0
A3,CUZ00393,0.0
C3,CUZ00394,25.0
B3,CUZ00395,0.0
C1,CUZ00396,0.0
A1,CUZ00397,0.0
C1,CUZ00398,0.0
C1,CUZ00399,61.0
C1,CUZ00400,0.0
C2,CUZ00401,0.0
A1,CUZ00402,41.0
A3,CUZ00403,0.0
B1,CUZ00404,0.0
A2,CUZ00405,0.0
B1,CUZ00406,0.0
B1,CUZ00407,0.0
C3,CUZ00408,0.0
C2,CUZ00409,0.0
C1,CUZ00410,0.0
A1,CUZ00411,91.0
C2,CUZ00412,0.0
C3,CUZ00413,0.0
C1,CUZ00414,0.0
C2,CUZ00415,0.0
B2,CUZ00416,0.0
C1,CUZ00417,0.0
B2,CUZ00418,0.0
A1,CUZ00419,141.0
C1,CUZ00420,0.0
A2,CUZ00421,56.0
B3,CUZ00422,0.0
B2,CUZ00423,0.0
B3,CUZ00424,0.0
B3,CUZ00425,0.0
C2,CUZ00426,0.0
C3,CUZ00427,0.0
C3,CUZ00428,0.0
C2,CUZ00429,0.0
C2,CUZ00430,24.0
B2,CUZ00431,0.0
B3,CUZ00432,0.0
C3,CUZ00433,0.0
B2,CUZ00434,0.0
A2,CUZ00435,0.0
A1,CUZ00436,0.0
A3,CUZ00437,0.0
C3,CUZ00438,0.0
A1,CUZ00439,0.0
A1,CUZ00440,0.0
B2,CUZ00441,0.0
B1,CUZ00442,68.0
A2,CUZ00443,105.0
B2,CUZ00444,0.0
A3,CUZ00445,0.0
B1,CUZ00446,0.0
A3,CUZ00447,0.0
A1,CUZ00448,0.0
B3,CUZ00449,0.0
A1,CUZ00450,0.0
B2,CUZ00451,0.0
A1,CUZ00452,31.8
C1,CUZ00453,0.0
C3,CUZ00454,29.0
A2,CUZ00455,0.0
B1,CUZ00456,0.0
A3,CUZ00457,0.0
B2,CUZ00458,0.0
B2,CUZ00459,0.0
C1,CUZ00460,0.0
B3,CUZ00461,0.0
C3,CUZ00462,0.0
A2,CUZ00463,0.0
A1,CUZ00464,0.0
B1,CUZ00465,0.0
C1,CUZ00466,0.0
A2,CUZ00467,0.0
B3,CUZ00468,0.0
B2,CUZ00469,0.0
B3,CUZ00470,0.0
C3,CUZ00471,0.0
B2,CUZ00472,0.0
B3,CUZ00473,0.0
A2,CUZ00474,36.0
A3,CUZ00475,0.0
A2,CUZ00476,0.0
A3,CUZ00477,0.0
C1,CUZ00478,0.0
A3,CUZ00479,0.0
C1,CUZ00480,0.0
B1,CUZ00481,0.0
A2,CUZ00482,0.0
C3,CUZ00483,0.0
A3,CUZ00484,0.0
B1,CUZ00485,0.0
B3,CUZ00486,0.0
C1,CUZ00487,0.0
C1,CUZ00488,0.0
C2,CUZ00489,0.0
A3,CUZ00490,0.0
B1,CUZ00491,0.0
C2,CUZ00492,0.0
A3,CUZ00493,0.0
A3,CUZ00494,0.0
A2,CUZ00495,0.0
B3,CUZ00496,0.0
C1,CUZ00497,0.0
A2,CUZ00498,0.0
B1,CUZ00499,0.0
A3,CUZ00500,0.0
C3,CUZ00501,0.0
B3,CUZ00502,0.0
A1,CUZ00503,0.0
A3,CUZ00504,270.0
A1,CUZ00505,42.0
B2,CUZ00506,0.0
A3,CUZ00507,120.0
B3,CUZ00508,0.0
B3,CUZ00509,0.0
C1,CUZ00510,0.0
A3,CUZ00511,0.0
A3,CUZ00512,0.0
B3,CUZ00513,0.0
C2,CUZ00514,0.0
A3,CUZ00515,53.0
B2,CUZ00516,0.0
B3,CUZ00517,0.0
A1,CUZ00518,18.0
C2,CUZ00519,0.0
A1,CUZ00520,69.5
B1,CUZ00521,0.0
A2,CUZ00522,0.0
C2,CUZ00523,0.0
B1,CUZ00524,0.0
A3,CUZ00525,0.0
B1,CUZ00526,0.0
A1,CUZ00527,0.0
C1,CUZ00528,0.0
A2,CUZ00529,0.0
B2,CUZ00530,0.0
A3,CUZ00531,0.0
A1,CUZ00532,0.0
A1,CUZ00533,41.2
A3,CUZ00534,0.0
A3,CUZ00535,0.0
A2,CUZ00536,0.0
A2,CUZ00537,0.0
C3,CUZ00538,0.0
B1,CUZ00539,0.0
A1,CUZ00540,0.0
B1,CUZ00541,138.5
C1,CUZ00542,0.0
C1,CUZ00543,0.0
B2,CUZ00544,0.0
C1,CUZ00545,0.0
A1,CUZ00546,0.0
A1,CUZ00547,34.5
A1,CUZ00548,0.0
A1,CUZ00549,65.3
C1,CUZ00550,0.0
A1,CUZ00551,0.0
A3,CUZ00552,0.0
A1,CUZ00553,64.0
A1,CUZ00554,41.7
A1,CUZ00555,35.0
A3,CUZ00556,0.0
A1,CUZ00557,31.0
A2,CUZ00558,92.7
C1,CUZ00559,52.0
A2,CUZ00560,0.0
B1,CUZ00561,0.0
B1,CUZ00562,0.0
A3,CUZ00563,0.0
A2,CUZ00564,0.0
A1,CUZ00565,72.0
C1,CUZ00566,0.0
A2,CUZ00567,0.0
A1,CUZ00568,0.0
A1,CUZ00569,0.0
A2,CUZ00570,71.0
A1,CUZ00571,0.0
A1,CUZ00572,0.0
B2,CUZ00573,0.0
A1,CUZ00574,0.0
B1,CUZ00575,0.0
A1,CUZ00576,0.0
A3,CUZ00577,0.0
A1,CUZ00578,0.0
B2,CUZ00579,0.0
A3,CUZ00580,0.0
A3,CUZ00581,0.0
A2,CUZ00582,0.0
B3,CUZ00583,0.0
A1,CUZ00584,0.0
A1,CUZ00585,35.8
A1,CUZ00586,105.0
A1,CUZ00587,0.0
A1,CUZ00588,24.0
A3,CUZ00589,0.0
C1,CUZ00590,0.0
A1,CUZ00591,0.0
A1,CUZ00592,0.0
B1,CUZ00593,0.0
A1,CUZ00594,78.0
A2,CUZ00595,64.0
C1,CUZ00596,0.0
A2,CUZ00597,0.0
C1,CUZ00598,0.0
A1,CUZ00599,86.0
A1,CUZ00600,0.0
B3,CUZ00601,0.0
C2,CUZ00602,0.0
A2,CUZ00603,0.0
A1,CUZ00604,0.0
A2,CUZ00605,0.0
A2,CUZ00606,0.0
B2,CUZ00607,0.0
C2,CUZ00608,0.0
A1,CUZ00609,40.0
B2,CUZ00610,0.0
A1,CUZ00611,61.0
A1,CUZ00612,0.0
B1,CUZ00613,0.0
C2,CUZ00614,41.0
B1,CUZ00615,0.0
A2,CUZ00616,0.0
A3,CUZ00617,0.0
A1,CUZ00618,37.5
A1,CUZ00619,0.0
A2,CUZ00620,0.0
A1,CUZ00621,0.0
A1,CUZ00622,49.8
A1,CUZ00623,50.8
B3,CUZ00624,0.0
B3,CUZ00625,0.0
B1,CUZ00626,0.0
A1,CUZ00627,0.0
C1,CUZ00628,0.0
C1,CUZ00629,0.0
B2,CUZ00630,0.0
A2,CUZ00631,0.0
C2,CUZ00632,0.0
B1,CUZ00633,0.0
A3,CUZ00634,0.0
B3,CUZ00635,0.0
B3,CUZ00636,0.0
A1,CUZ00637,0.0
A1,CUZ00638,43.4
C1,CUZ00639,0.0
C2,CUZ00640,0.0
B3,CUZ00641,0.0
C1,CUZ00642,0.0
A1,CUZ00643,0.0
A1,CUZ00644,0.0
B1,CUZ00645,0.0
B2,CUZ00646,0.0
A3,CUZ00647,0.0
C1,CUZ00648,0.0
B1,CUZ00649,0.0
A3,CUZ00650,0.0
A2,CUZ00651,0.0
A1,CUZ00652,34.6
A1,CUZ00653,0.0
A2,CUZ00654,0.0
A1,CUZ00655,40.7
C2,CUZ00656,0.0
B3,CUZ00657,0.0
B2,CUZ00658,0.0
A1,CUZ00659,0.0
B1,CUZ00660,0.0
A1,CUZ00661,0.0
A3,CUZ00662,0.0
A2,CUZ00663,0.0
C1,CUZ00664,0.0
C3,CUZ00665,0.0
C2,CUZ00666,0.0
B2,CUZ00667,0.0
B2,CUZ00668,0.0
B3,CUZ00669,0.0
C1,CUZ00670,0.0
A1,CUZ00671,0.0
A3,CUZ00672,81.3
B1,CUZ00673,0.0
A2,CUZ00674,59.0
A3,CUZ00675,0.0
A1,CUZ00676,42.5
A1,CUZ00677,43.8
A1,CUZ00678,0.0
B1,CUZ00679,0.0
C1,CUZ00680,0.0
C1,CUZ00681,0.0
B2,CUZ00682,0.0
C1,CUZ00683,0.0
A3,CUZ00684,0.0
A3,CUZ00685,0.0
A3,CUZ00686,0.0
B2,CUZ00687,0.0
A3,CUZ00688,0.0
A1,CUZ00689,0.0
C1,CUZ00690,0.0
A1,CUZ00691,46.0
A1,CUZ00692,0.0
B1,CUZ00693,0.0
B1,CUZ00694,0.0
A1,CUZ00695,0.0
C2,CUZ00696,0.0
A1,CUZ00697,0.0
A1,CUZ00698,78.3
A1,CUZ00699,0.0
A1,CUZ00700,40.2
B2,CUZ00701,0.0
A1,CUZ00702,129.0
A2,CUZ00703,0.0
A1,CUZ00704,8.0
A3,CUZ00705,0.0
A1,CUZ00706,29.8
A1,CUZ00707,12.0
C1,CUZ00708,144.0
A1,CUZ00709,55.0
B2,CUZ00710,0.0
A1,CUZ00711,28.2
B2,CUZ00712,0.0
A1,CUZ00713,25.0
C1,CUZ00714,0.0
B3,CUZ00715,0.0
B2,CUZ00716,0.0
C2,CUZ00717,0.0
A3,CUZ00718,0.0
A1,CUZ00719,63.0
A1,CUZ00720,0.0
A3,CUZ00721,0.0
C1,CUZ00722,0.0
A1,CUZ00723,29.7
A1,CUZ00724,0.0
C3,CUZ00725,0.0
A1,CUZ00726,0.0
B3,CUZ00727,0.0
A1,CUZ00728,31.8
B2,CUZ00729,0.0
A1,CUZ00730,0.0
A2,CUZ00731,0.0
A1,CUZ00732,34.5
A1,CUZ00733,0.0
A1,CUZ00734,0.0
C2,CUZ00735,127.0
B1,CUZ00736,273.0
A1,CUZ00737,46.4
A3,CUZ00738,0.0
A1,CUZ00739,42.8
A1,CUZ00740,0.0
B1,CUZ00741,44.0
A1,CUZ00742,44.7
A1,CUZ00743,48.2
B1,CUZ00744,30.5
A3,CUZ00745,0.0
A1,CUZ00746,0.0
B3,CUZ00747,0.0
A1,CUZ00748,64.2
C1,CUZ00749,0.0
C2,CUZ00750,0.0
A3,CUZ00751,0.0
A1,CUZ00752,43.8
A1,CUZ00753,0.0
A3,CUZ00754,0.0
A1,CUZ00755,44.5
C1,CUZ00756,0.0
A1,CUZ00757,0.0
B1,CUZ00758,0.0
A2,CUZ00759,0.0
A2,CUZ00760,45.5
A2,CUZ00761,45.5
B1,CUZ00762,0.0
A1,CUZ00763,0.0
A3,CUZ00764,0.0
C1,CUZ00765,0.0
B2,CUZ00766,0.0
B1,CUZ00767,0.0
B1,CUZ00768,221.0
C1,CUZ00769,0.0
C2,CUZ00770,0.0
A2,CUZ00771,0.0
A3,CUZ00772,0.0
A1,CUZ00773,40.4
A3,CUZ00774,0.0
C1,CUZ00775,0.0
A1,CUZ00776,0.0
B2,CUZ00777,0.0
B1,CUZ00778,0.0
B3,CUZ00779,0.0
C1,CUZ00780,0.0
B1,CUZ00781,0.0
C1,CUZ00782,0.0
C1,CUZ00783,0.0
A1,CUZ00784,42.3
B2,CUZ00785,0.0
A2,CUZ00786,0.0
C2,CUZ00787,0.0
B3,CUZ00788,0.0
B1,CUZ00789,66.8
B3,CUZ00790,0.0
A1,CUZ00791,0.0
A1,CUZ00792,38.0
A2,CUZ00793,55.0
A1,CUZ00794,0.0
C2,CUZ00795,0.0
C1,CUZ00796,0.0
B2,CUZ00797,0.0
A2,CUZ00798,0.0
A1,CUZ00799,50.0
A1,CUZ00800,122.0
C1,CUZ00801,0.0
C1,CUZ00802,0.0
A2,CUZ00803,0.0
A1,CUZ00804,37.0
B3,CUZ00805,0.0
B2,CUZ00806,0.0
A1,CUZ00807,43.8
B3,CUZ00808,0.0
A1,CUZ00809,56.5
B1,CUZ00810,0.0
A2,CUZ00811,0.0
C1,CUZ00812,0.0
A1,CUZ00813,39.0
B1,CUZ00814,0.0
A2,CUZ00815,0.0
C1,CUZ00816,0.0
A1,CUZ00817,56.0
A2,CUZ00818,0.0
B2,CUZ00819,0.0
C1,CUZ00820,93.5
A1,CUZ00821,0.0
A2,CUZ00822,66.0
A3,CUZ00823,0.0
B1,CUZ00824,0.0
B2,CUZ00825,0.0
B1,CUZ00826,0.0
A2,CUZ00827,0.0
A3,CUZ00828,0.0
A1,CUZ00829,0.0
C1,CUZ00830,0.0
A1,CUZ00831,0.0
A1,CUZ00832,31.0
C1,CUZ00833,0.0
A2,CUZ00834,0.0
A1,CUZ00835,0.0
A1,CUZ00836,43.8
A2,CUZ00837,0.0
A1,CUZ00838,0.0
B3,CUZ00839,0.0
A2,CUZ00840,0.0
B1,CUZ00841,0.0
B1,CUZ00842,0.0
B3,CUZ00843,0.0
A1,CUZ00844,77.3
B1,CUZ00845,0.0
B1,CUZ00846,0.0
B2,CUZ00847,0.0
A1,CUZ00848,0.0
B3,CUZ00849,0.0
A3,CUZ00850,0.0
A1,CUZ00851,60.2
A1,CUZ00852,0.0
B1,CUZ00853,0.0
A2,CUZ00854,0.0
A3,CUZ00855,0.0
A1,CUZ00856,0.0
B2,CUZ00857,0.0
A1,CUZ00858,41.6
A3,CUZ00859,0.0
A3,CUZ00860,0.0
C1,CUZ00861,0.0
A2,CUZ00862,0.0
A1,CUZ00863,39.4
A3,CUZ00864,0.0
C2,CUZ00865,0.0
B1,CUZ00866,72.0
B3,CUZ00867,0.0
C2,CUZ00868,0.0
A1,CUZ00869,53.5
B3,CUZ00870,0.0
A2,CUZ00871,0.0
B1,CUZ00872,120.0
A1,CUZ00873,0.0
C3,CUZ00874,0.0
A1,CUZ00875,0.0
C1,CUZ00876,0.0
B2,CUZ00877,0.0
C1,CUZ00878,0.0
B2,CUZ00879,0.0
A2,CUZ00880,128.0
A1,CUZ00881,41.2
A1,CUZ00882,0.0
A3,CUZ00883,0.0
C1,CUZ00884,0.0
C1,CUZ00885,41.5
A3,CUZ00886,0.0
A1,CUZ00887,0.0
A3,CUZ00888,92.0
A2,CUZ00889,0.0
A1,CUZ00890,0.0
B2,CUZ00891,0.0
B1,CUZ00892,0.0
C2,CUZ00893,0.0
B1,CUZ00894,0.0
A1,CUZ00895,240.0
A1,CUZ00896,0.0
B3,CUZ00897,0.0
B3,CUZ00898,0.0
B2,CUZ00899,0.0
B3,CUZ00900,0.0
C1,CUZ00901,0.0
B3,CUZ00902,0.0
A2,CUZ00903,0.0
A1,CUZ00904,44.0
A1,CUZ00905,0.0
B1,CUZ00906,0.0
A3,CUZ00907,0.0
A3,CUZ00908,0.0
A3,CUZ00909,0.0
B1,CUZ00910,135.0
B2,CUZ00911,0.0
B3,CUZ00912,0.0
A3,CUZ00913,0.0
A1,CUZ00914,118.5
A1,CUZ00915,0.0
A1,CUZ00916,0.0
B1,CUZ00917,0.0
A3,CUZ00918,0.0
A3,CUZ00919,0.0
A1,CUZ00920,60.2
A1,CUZ00921,0.0
B1,CUZ00922,0.0
C1,CUZ00923,0.0
A1,CUZ00924,44.0
B1,CUZ00925,0.0
C2,CUZ00926,0.0
A2,CUZ00927,0.0
B1,CUZ00928,0.0
A3,CUZ00929,0.0
C2,CUZ00930,0.0
C2,CUZ00931,0.0
C2,CUZ00932,0.0
C2,CUZ00933,0.0
C2,CUZ00934,0.0
A1,CUZ00935,0.0
A1,CUZ00936,0.0
B2,CUZ00937,0.0
A3,CUZ00938,0.0
C1,CUZ00939,0.0
B2,CUZ00940,0.0
A2,CUZ00941,81.5
B2,CUZ00942,0.0
B2,CUZ00943,0.0
C2,CUZ00944,58.5
A1,CUZ00945,0.0
A3,CUZ00946,0.0
A3,CUZ00947,0.0
A1,CUZ00948,0.0
B1,CUZ00949,0.0
C2,CUZ00950,0.0
B1,CUZ00951,0.0
A2,CUZ00952,0.0
A2,CUZ00953,0.0
B1,CUZ00954,0.0
B3,CUZ00955,0.0
A3,CUZ00956,0.0
A1,CUZ00957,0.0
B3,CUZ00958,0.0
A1,CUZ00959,0.0
B2,CUZ00960,0.0
C1,CUZ00961,0.0
C1,CUZ00962,0.0
B2,CUZ00963,0.0
B2,CUZ00964,0.0
B1,CUZ00965,0.0
A1,CUZ00966,0.0
A1,CUZ00967,36.4
A1,CUZ00968,0.0
A2,CUZ00969,40.0
B2,CUZ00970,0.0
C2,CUZ00971,0.0
A1,CUZ00972,70.3
A1,CUZ00973,0.0
B1,CUZ00974,0.0
A1,CUZ00975,38.3
A1,CUZ00976,30.0
B1,CUZ00977,0.0
A3,CUZ00978,0.0
C1,CUZ00979,146.0
C1,CUZ00980,68.0
B1,CUZ00981,0.0
B3,CUZ00982,0.0
A1,CUZ00983,44.0
A1,CUZ00984,56.0
A3,CUZ00985,0.0
A2,CUZ00986,220.0
C1,CUZ00987,0.0
A2,CUZ00988,0.0
C3,CUZ00989,0.0
A1,CUZ00990,0.0
B2,CUZ00991,0.0
A1,CUZ00992,82.3
A1,CUZ00993,32.3
A1,CUZ00994,26.0
B1,CUZ00995,0.0
A1,CUZ00996,0.0
A1,CUZ00997,0.0
A1,CUZ00998,0.0
B1,CUZ00999,0.0
A2,CUZ01000,0.0
A2,CUZ01001,0.0
A2,CUZ01002,0.0
C3,CUZ01003,0.0
A2,CUZ01004,0.0
C2,CUZ01005,0.0
B2,CUZ01006,0.0
A1,CUZ01007,0.0
B3,CUZ01008,0.0
B1,CUZ01009,69.5
A1,CUZ01010,31.5
B2,CUZ01011,0.0
A2,CUZ01012,0.0
C2,CUZ01013,0.0
B3,CUZ01014,0.0
B1,CUZ01015,0.0
C2,CUZ01016,0.0
B1,CUZ01017,0.0
A1,CUZ01018,0.0
B2,CUZ01019,0.0
B2,CUZ01020,0.0
C1,CUZ01021,0.0
A2,CUZ01022,0.0
C1,CUZ01023,0.0
A3,CUZ01024,0.0
A1,CUZ01025,65.7
A3,CUZ01026,0.0
B2,CUZ01027,0.0
B1,CUZ01028,0.0
B2,CUZ01029,0.0
A1,CUZ01030,29.0
A3,CUZ01031,0.0
A3,CUZ01032,126.0
A1,CUZ01033,47.0
C1,CUZ01034,0.0
B2,CUZ01035,0.0
A1,CUZ01036,0.0
A1,CUZ01037,0.0
A1,CUZ01038,0.0
A2,CUZ01039,0.0
A1,CUZ01040,0.0
A1,CUZ01041,0.0
B1,CUZ01042,0.0
A1,CUZ01043,47.5
A1,CUZ01044,107.5
A1,CUZ01045,0.0
C2,CUZ01046,0.0
C2,CUZ01047,0.0
B2,CUZ01048,0.0
A3,CUZ01049,0.0
C1,CUZ01050,0.0
B3,CUZ01051,0.0
B1,CUZ01052,0.0
B1,CUZ01053,0.0
A1,CUZ01054,0.0
A1,CUZ01055,0.0
A1,CUZ01056,0.0
C2,CUZ01057,0.0
A2,CUZ01058,0.0
B2,CUZ01059,0.0
A1,CUZ01060,0.0
C1,CUZ01061,0.0
C1,CUZ01062,0.0
B1,CUZ01063,0.0
A3,CUZ01064,0.0
B2,CUZ01065,0.0
A1,CUZ01066,156.0
B2,CUZ01067,0.0
B2,CUZ01068,0.0
A1,CUZ01069,0.0
C1,CUZ01070,0.0
B1,CUZ01071,0.0
B3,CUZ01072,0.0
C2,CUZ01073,0.0
C2,CUZ01074,0.0
A1,CUZ01075,95.5
A3,CUZ01076,0.0
A3,CUZ01077,88.0
A2,CUZ01078,0.0
B2,CUZ01079,0.0
A2,CUZ01080,0.0
A1,CUZ01081,36.2
A2,CUZ01082,0.0
B2,CUZ01083,0.0
B1,CUZ01084,129.0
B2,CUZ01085,0.0
A2,CUZ01086,0.0
B1,CUZ01087,0.0
B3,CUZ01088,0.0
A1,CUZ01089,0.0
A2,CUZ01090,0.0
B3,CUZ01091,0.0
A1,CUZ01092,30.9
A1,CUZ01093,0.0
C1,CUZ01094,0.0
C1,CUZ01095,0.0
A1,CUZ01096,0.0
A1,CUZ01097,0.0
A1,CUZ01098,3.0
C1,CUZ01099,224.0
C2,CUZ01100,0.0
A3,CUZ01101,0.0
A3,CUZ01102,0.0
B1,CUZ01103,90.5
A1,CUZ01104,33.7
B3,CUZ01105,0.0
A3,CUZ01106,0.0
B2,CUZ01107,0.0
A1,CUZ01108,0.0
A3,CUZ01109,71.7
A1,CUZ01110,39.7
B3,CUZ01111,0.0
C1,CUZ01112,0.0
A3,CUZ01113,0.0
A1,CUZ01114,66.0
B1,CUZ01115,0.0
B1,CUZ01116,0.0
A1,CUZ01117,0.0
A2,CUZ01118,0.0
C1,CUZ01119,0.0
A1,CUZ01120,45.4
B1,CUZ01121,0.0
C1,CUZ01122,0.0
A3,CUZ01123,0.0
B2,CUZ01124,0.0
C1,CUZ01125,0.0
A3,CUZ01126,0.0
A2,CUZ01127,0.0
B2,CUZ01128,0.0
C1,CUZ01129,0.0
C2,CUZ01130,0.0
A1,CUZ01131,0.0
B1,CUZ01132,0.0
A3,CUZ01133,0.0
C1,CUZ01134,45.5
B2,CUZ01135,0.0
A1,CUZ01136,0.0
C1,CUZ01137,0.0
B2,CUZ01138,0.0
A1,CUZ01139,0.0
A2,CUZ01140,0.0
A1,CUZ01141,0.0
B2,CUZ01142,179.0
B3,CUZ01143,0.0
C2,CUZ01144,0.0
B2,CUZ01145,0.0
A1,CUZ01146,44.0
B3,CUZ01147,0.0
A3,CUZ01148,0.0
A1,CUZ01149,42.0
A2,CUZ01150,0.0
A2,CUZ01151,0.0
A2,CUZ01152,0.0
B3,CUZ01153,0.0
A1,CUZ01154,70.0
A1,CUZ01155,0.0
C1,CUZ01156,0.0
B1,CUZ01157,72.0
A2,CUZ01158,0.0
C1,CUZ01159,0.0
B2,CUZ01160,0.0
B2,CUZ01161,0.0
A2,CUZ01162,0.0
A3,CUZ01163,0.0
A2,CUZ01164,0.0
B3,CUZ01165,0.0
B3,CUZ01166,0.0
A1,CUZ01167,0.0
B2,CUZ01168,0.0
B1,CUZ01169,0.0
A3,CUZ01170,0.0
B1,CUZ01171,0.0
B1,CUZ01172,0.0
B1,CUZ01173,59.7
A1,CUZ01174,47.0
A1,CUZ01175,0.0
B1,CUZ01176,0.0
A3,CUZ01177,0.0
A3,CUZ01178,0.0
A2,CUZ01179,0.0
C1,CUZ01180,0.0
A1,CUZ01181,55.0
A1,CUZ01182,43.8
A3,CUZ01183,0.0
A1,CUZ01184,50.0
A2,CUZ01185,0.0
A1,CUZ01186,59.0
A2,CUZ01187,0.0
A3,CUZ01188,0.0
A2,CUZ01189,64.0
C1,CUZ01190,0.0
A2,CUZ01191,24.0
A1,CUZ01192,42.4
A1,CUZ01193,99.0
A1,CUZ01194,0.0
A1,CUZ01195,0.0
A2,CUZ01196,0.0
A1,CUZ01197,43.0
A1,CUZ01198,36.4
C1,CUZ01199,0.0
B1,CUZ01200,0.0
B2,CUZ01201,0.0
B3,CUZ01202,67.0
A3,CUZ01203,0.0
A3,CUZ01204,0.0
A3,CUZ01205,56.0
B3,CUZ01206,0.0
C2,CUZ01207,0.0
A1,CUZ01208,0.0
A1,CUZ01209,38.7
B1,CUZ01210,0.0
A1,CUZ01211,0.0
A3,CUZ01212,0.0
B1,CUZ01213,0.0
B1,CUZ01214,0.0
C2,CUZ01215,0.0
A1,CUZ01216,0.0
A1,CUZ01217,0.0
A1,CUZ01218,0.0
A2,CUZ01219,0.0
B2,CUZ01220,0.0
A3,CUZ01221,0.0
C1,CUZ01222,0.0
A2,CUZ01223,0.0
A3,CUZ01224,36.0
A2,CUZ01225,0.0
B2,CUZ01226,140.0
B1,CUZ01227,0.0
A2,CUZ01228,0.0
A3,CUZ01229,0.0
B3,CUZ01230,0.0
A1,CUZ01231,90.5
A1,CUZ01232,25.0
A2,CUZ01233,0.0
B1,CUZ01234,0.0
B1,CUZ01235,0.0
B3,CUZ01236,0.0
B2,CUZ01237,0.0
B2,CUZ01238,0.0
A1,CUZ01239,36.0
B2,CUZ01240,0.0
B2,CUZ01241,0.0
A3,CUZ01242,0.0
B1,CUZ01243,0.0
A3,CUZ01244,0.0
A1,CUZ01245,78.0
A2,CUZ01246,50.3
C1,CUZ01247,0.0
C1,CUZ01248,0.0
B3,CUZ01249,0.0
A1,CUZ01250,36.0
A1,CUZ01251,0.0
C1,CUZ01252,0.0
A1,CUZ01253,99.0
B1,CUZ01254,0.0
A2,CUZ01255,0.0
B2,CUZ01256,0.0
B3,CUZ01257,0.0
A2,CUZ01258,0.0
B2,CUZ01259,0.0
B3,CUZ01260,0.0
B2,CUZ01261,0.0
B2,CUZ01262,0.0
A3,CUZ01263,0.0
A1,CUZ01264,130.0
C1,CUZ01265,95.0
C1,CUZ01266,0.0
B2,CUZ01267,0.0
B1,CUZ01268,0.0
A1,CUZ01269,0.0
B3,CUZ01270,0.0
C1,CUZ01271,0.0
A1,CUZ01272,0.0
A2,CUZ01273,0.0
B1,CUZ01274,0.0
A2,CUZ01275,0.0
A2,CUZ01276,0.0
B2,CUZ01277,0.0
A3,CUZ01278,0.0
A3,CUZ01279,45.5
A2,CUZ01280,0.0
A2,CUZ01281,91.0
B3,CUZ01282,0.0
A3,CUZ01283,0.0
C1,CUZ01284,0.0
A1,CUZ01285,27.0
A3,CUZ01286,0.0
A3,CUZ01287,61.0
A2,CUZ01288,0.0
B1,CUZ01289,0.0
A1,CUZ01290,53.0
A1,CUZ01291,0.0
B2,CUZ01292,59.0
B2,CUZ01293,0.0
B2,CUZ01294,0.0
A3,CUZ01295,0.0
C1,CUZ01296,0.0
A2,CUZ01297,144.0
A1,CUZ01298,178.0
A2,CUZ01299,0.0
A2,CUZ01300,217.0
A2,CUZ01301,68.0
A2,CUZ01302,0.0
B1,CUZ01303,0.0
A1,CUZ01304,0.0
A3,CUZ01305,0.0
A3,CUZ01306,0.0
A2,CUZ01307,0.0
A3,CUZ01308,0.0
A3,CUZ01309,26.0
B3,CUZ01310,0.0
A3,CUZ01311,0.0
A2,CUZ01312,0.0
C3,CUZ01313,0.0
A3,CUZ01314,0.0
A2,CUZ01315,0.0
C1,CUZ01316,0.0
B2,CUZ01317,0.0
C1,CUZ01318,0.0
A1,CUZ01319,0.0
C1,CUZ01320,0.0
C2,CUZ01321,0.0
A2,CUZ01322,106.0
A1,CUZ01323,43.8
B2,CUZ01324,0.0
A1,CUZ01325,0.0
B1,CUZ01326,0.0
A3,CUZ01327,0.0
C2,CUZ01328,0.0
C2,CUZ01329,0.0
B3,CUZ01330,0.0
C1,CUZ01331,0.0
C1,CUZ01332,22.0
A1,CUZ01333,0.0
A2,CUZ01334,0.0
B2,CUZ01335,0.0
A3,CUZ01336,0.0
A2,CUZ01337,11.0
B3,CUZ01338,0.0
A1,CUZ01339,0.0
B1,CUZ01340,0.0
B3,CUZ01341,0.0
A1,CUZ01342,0.0
B3,CUZ01343,0.0
A1,CUZ01344,88.5
A1,CUZ01345,0.0
A3,CUZ01346,0.0
C2,CUZ01347,0.0
A1,CUZ01348,118.0
B2,CUZ01349,0.0
B2,CUZ01350,0.0
C1,CUZ01351,0.0
B3,CUZ01352,0.0
A2,CUZ01353,0.0
A1,CUZ01354,0.0
B2,CUZ01355,0.0
A3,CUZ01356,0.0
A1,CUZ01357,0.0
A3,CUZ01358,0.0
A3,CUZ01359,125.0
A2,CUZ01360,0.0
C2,CUZ01361,0.0
B2,CUZ01362,0.0
A1,CUZ01363,0.0
C1,CUZ01364,0.0
A2,CUZ01365,0.0
A1,CUZ01366,0.0
A3,CUZ01367,0.0
C2,CUZ01368,0.0
B3,CUZ01369,0.0
A3,CUZ01370,0.0
A1,CUZ01371,0.0
A1,CUZ01372,0.0
A1,CUZ01373,40.5
B2,CUZ01374,0.0
B2,CUZ01375,0.0
A1,CUZ01376,0.0
B2,CUZ01377,0.0
A2,CUZ01378,0.0
A3,CUZ01379,0.0
B1,CUZ01380,0.0
A1,CUZ01381,42.2
A2,CUZ01382,0.0
B2,CUZ01383,0.0
C2,CUZ01384,0.0
B1,CUZ01385,203.0
B3,CUZ01386,0.0
C1,CUZ01387,0.0
B1,CUZ01388,0.0
C2,CUZ01389,0.0
A2,CUZ01390,30.0
A3,CUZ01391,0.0
B3,CUZ01392,0.0
B2,CUZ01393,0.0
B2,CUZ01394,0.0
A1,CUZ01395,140.0
B2,CUZ01396,0.0
B1,CUZ01397,0.0
C1,CUZ01398,0.0
A3,CUZ01399,0.0
A3,CUZ01400,0.0
C1,CUZ01401,0.0
A3,CUZ01402,0.0
A1,CUZ01403,0.0
A1,CUZ01404,32.4
A2,CUZ01405,69.0
A3,CUZ01406,32.5
B1,CUZ01407,0.0
A1,CUZ01408,0.0
A3,CUZ01409,0.0
A2,CUZ01410,0.0
A1,CUZ01411,0.0
C1,CUZ01412,0.0
B3,CUZ01413,0.0
C1,CUZ01414,51.0
A1,CUZ01415,70.3
A1,CUZ01416,42.8
A2,CUZ01417,0.0
B1,CUZ01418,0.0
A1,CUZ01419,0.0
B1,CUZ01420,0.0
A1,CUZ01421,0.0
A2,CUZ01422,0.0
A1,CUZ01423,0.0
B1,CUZ01424,0.0
A1,CUZ01425,33.5
A1,CUZ01426,0.0
C1,CUZ01427,0.0
B2,CUZ01428,0.0
A1,CUZ01429,0.0
A1,CUZ01430,69.0
C1,CUZ01431,0.0
B2,CUZ01432,0.0
A1,CUZ01433,36.7
A1,CUZ01434,48.3
A2,CUZ01435,203.0
B3,CUZ01436,0.0
B2,CUZ01437,0.0
B2,CUZ01438,0.0
B1,CUZ01439,0.0
B1,CUZ01440,47.5
A2,CUZ01441,50.3
A3,CUZ01442,0.0
B1,CUZ01443,0.0
B2,CUZ01444,0.0
C2,CUZ01445,0.0
A1,CUZ01446,0.0
B1,CUZ01447,54.0
B3,CUZ01448,0.0
A3,CUZ01449,0.0
A2,CUZ01450,0.0
A1,CUZ01451,0.0
B2,CUZ01452,0.0
C2,CUZ01453,0.0
A2,CUZ01454,0.0
B3,CUZ01455,0.0
B2,CUZ01456,0.0
C3,CUZ01457,0.0
B1,CUZ01458,0.0
A1,CUZ01459,48.8
B3,CUZ01460,0.0
C1,CUZ01461,0.0
A3,CUZ01462,0.0
A1,CUZ01463,62.3
A1,CUZ01464,0.0
A1,CUZ01465,205.0
B2,CUZ01466,0.0
C2,CUZ01467,0.0
A3,CUZ01468,0.0
B3,CUZ01469,0.0
B1,CUZ01470,0.0
C2,CUZ01471,105.0
C2,CUZ01472,47.5
B2,CUZ01473,0.0
C1,CUZ01474,0.0
B3,CUZ01475,0.0
B2,CUZ01476,0.0
A3,CUZ01477,103.0
A1,CUZ01478,0.0
B1,CUZ01479,0.0
A3,CUZ01480,0.0
A2,CUZ01481,0.0
A1,CUZ01482,204.0
B2,CUZ01483,0.0
B3,CUZ01484,0.0
B1,CUZ01485,0.0
C1,CUZ01486,0.0
A3,CUZ01487,0.0
B2,CUZ01488,0.0
B1,CUZ01489,0.0
A1,CUZ01490,0.0
B2,CUZ01491,0.0
A1,CUZ01492,0.0
B1,CUZ01493,0.0
B2,CUZ01494,0.0
A3,CUZ01495,0.0
C2,CUZ01496,26.0
A3,CUZ01497,0.0
B2,CUZ01498,0.0
B1,CUZ01499,0.0
B1,CUZ01500,0.0
C2,CUZ01501,52.0
B3,CUZ01502,0.0
A1,CUZ01503,57.3
A2,CUZ01504,0.0
C2,CUZ01505,194.0
C1,CUZ01506,0.0
C2,CUZ01507,0.0
A1,CUZ01508,0.0
B2,CUZ01509,0.0
B2,CUZ01510,0.0
C1,CUZ01511,0.0
A2,CUZ01512,163.0
B1,CUZ01513,0.0
B3,CUZ01514,0.0
B3,CUZ01515,0.0
B1,CUZ01516,0.0
A2,CUZ01517,73.5
A2,CUZ01518,130.0
B2,CUZ01519,0.0
B3,CUZ01520,0.0
A2,CUZ01521,100.0
B1,CUZ01522,0.0
B3,CUZ01523,0.0
A2,CUZ01524,0.0
C1,CUZ01525,67.0
A2,CUZ01526,0.0
A1,CUZ01527,0.0
B2,CUZ01528,0.0
B2,CUZ01529,0.0
A3,CUZ01530,0.0
A2,CUZ01531,0.0
A1,CUZ01532,94.0
B1,CUZ01533,0.0
A2,CUZ01534,0.0
C2,CUZ01535,35.0
A1,CUZ01536,0.0
A2,CUZ01537,0.0
B1,CUZ01538,0.0
C2,CUZ01539,0.0
C1,CUZ01540,41.0
A2,CUZ01541,0.0
A3,CUZ01542,0.0
B2,CUZ01543,0.0
A3,CUZ01544,0.0
B2,CUZ01545,0.0
B2,CUZ01546,0.0
B2,CUZ01547,0.0
A1,CUZ01548,0.0
C2,CUZ01549,60.0
C1,CUZ01550,0.0
A3,CUZ01551,0.0
C1,CUZ01552,0.0
C2,CUZ01553,0.0
A1,CUZ01554,0.0
A2,CUZ01555,0.0
C2,CUZ01556,0.0
C1,CUZ01557,0.0
A1,CUZ01558,59.3
C1,CUZ01559,0.0
B2,CUZ01560,0.0
C2,CUZ01561,0.0
A3,CUZ01562,0.0
C1,CUZ01563,0.0
C1,CUZ01564,0.0
B3,CUZ01565,0.0
A1,CUZ01566,45.2
C1,CUZ01567,80.0
B2,CUZ01568,0.0
A3,CUZ01569,0.0
B1,CUZ01570,0.0
A3,CUZ01571,0.0
B2,CUZ01572,0.0
B1,CUZ01573,31.0
A1,CUZ01574,65.0
A3,CUZ01575,0.0
B3,CUZ01576,0.0
A3,CUZ01577,0.0
B1,CUZ01578,0.0
B3,CUZ01579,0.0
A2,CUZ01580,19.0
B2,CUZ01581,0.0
A3,CUZ01582,0.0
C1,CUZ01583,0.0
A3,CUZ01584,0.0
C1,CUZ01585,0.0
A2,CUZ01586,0.0
A2,CUZ01587,0.0
B2,CUZ01588,0.0
A3,CUZ01589,0.0
C2,CUZ01590,0.0
A2,CUZ01591,122.0
A1,CUZ01592,0.0
A2,CUZ01593,85.5
B1,CUZ01594,0.0
B2,CUZ01595,0.0
A3,CUZ01596,0.0
C1,CUZ01597,0.0
A3,CUZ01598,0.0
B3,CUZ01599,0.0
A3,CUZ01600,0.0
B3,CUZ01601,0.0
A3,CUZ01602,0.0
B1,CUZ01603,0.0
B1,CUZ01604,0.0
C1,CUZ01605,0.0
C1,CUZ01606,0.0
C2,CUZ01607,0.0
A1,CUZ01608,0.0
B2,CUZ01609,0.0
B2,CUZ01610,0.0
A3,CUZ01611,27.0
C2,CUZ01612,0.0
A2,CUZ01613,0.0
A1,CUZ01614,34.2
A3,CUZ01615,0.0
C2,CUZ01616,0.0
B2,CUZ01617,0.0
A1,CUZ01618,43.2
A3,CUZ01619,0.0
B1,CUZ01620,0.0
A1,CUZ01621,0.0
C1,CUZ01622,23.0
A3,CUZ01623,0.0
A2,CUZ01624,0.0
A3,CUZ01625,0.0
C3,CUZ01626,0.0
C1,CUZ01627,0.0
A2,CUZ01628,36.0
A2,CUZ01629,0.0
A2,CUZ01630,0.0
B2,CUZ01631,0.0
A1,CUZ01632,0.0
C2,CUZ01633,0.0
C2,CUZ01634,0.0
C2,CUZ01635,0.0
B2,CUZ01636,0.0
B1,CUZ01637,0.0
C1,CUZ01638,0.0
C2,CUZ01639,0.0
C1,CUZ01640,0.0
A2,CUZ01641,0.0
B2,CUZ01642,0.0
A3,CUZ01643,51.5
A2,CUZ01644,0.0
C2,CUZ01645,0.0
C2,CUZ01646,0.0
A2,CUZ01647,0.0
A2,CUZ01648,0.0
A2,CUZ01649,0.0
A2,CUZ01650,0.0
B2,CUZ01651,0.0
C1,CUZ01652,0.0
A2,CUZ01653,0.0
B2,CUZ01654,0.0
A1,CUZ01655,74.0
B3,CUZ01656,0.0
A3,CUZ01657,0.0
A1,CUZ01658,0.0
B3,CUZ01659,0.0
C1,CUZ01660,14.0
A2,CUZ01661,0.0
B2,CUZ01662,0.0
B1,CUZ01663,0.0
B2,CUZ01664,0.0
A2,CUZ01665,0.0
A3,CUZ01666,0.0
A2,CUZ01667,0.0
B2,CUZ01668,0.0
A2,CUZ01669,54.3
A2,CUZ01670,0.0
B1,CUZ01671,0.0
C2,CUZ01672,0.0
C1,CUZ01673,0.0
B1,CUZ01674,0.0
B1,CUZ01675,0.0
B2,CUZ01676,0.0
A2,CUZ01677,0.0
A3,CUZ01678,0.0
A2,CUZ01679,0.0
B2,CUZ01680,0.0
A1,CUZ01681,0.0
B2,CUZ01682,0.0
A2,CUZ01683,20.0
B1,CUZ01684,0.0
A1,CUZ01685,48.5
A1,CUZ01686,0.0
A1,CUZ01687,0.0
B1,CUZ01688,0.0
B3,CUZ01689,0.0
C3,CUZ01690,0.0
B3,CUZ01691,0.0
A3,CUZ01692,0.0
A3,CUZ01693,52.0
B1,CUZ01694,0.0
B1,CUZ01695,71.5
A2,CUZ01696,0.0
B2,CUZ01697,0.0
A2,CUZ01698,0.0
B1,CUZ01699,0.0
A3,CUZ01700,0.0
A1,CUZ01701,48.7
C2,CUZ01702,0.0
B3,CUZ01703,0.0
B1,CUZ01704,41.0
B3,CUZ01705,0.0
B1,CUZ01706,0.0
A3,CUZ01707,16.0
A1,CUZ01708,33.2
B2,CUZ01709,0.0
C2,CUZ01710,38.0
A1,CUZ01711,0.0
A2,CUZ01712,0.0
A2,CUZ01713,0.0
C2,CUZ01714,0.0
A3,CUZ01715,0.0
A2,CUZ01716,0.0
A3,CUZ01717,0.0
C2,CUZ01718,54.0
A3,CUZ01719,0.0
A2,CUZ01720,43.0
A2,CUZ01721,0.0
C1,CUZ01722,0.0
A2,CUZ01723,34.7
A2,CUZ01724,0.0
A2,CUZ01725,3.0
B2,CUZ01726,0.0
A1,CUZ01727,0.0
A1,CUZ01728,64.0
B2,CUZ01729,0.0
B1,CUZ01730,0.0
A2,CUZ01731,0.0
C1,CUZ01732,0.0
B1,CUZ01733,0.0
C2,CUZ01734,0.0
A1,CUZ01735,0.0
B1,CUZ01736,0.0
A1,CUZ01737,0.0
A1,CUZ01738,0.0
C2,CUZ01739,0.0
A1,CUZ01740,55.0
B1,CUZ01741,98.0
A1,CUZ01742,0.0
B2,CUZ01743,0.0
A1,CUZ01744,81.0
B3,CUZ01745,0.0
A1,CUZ01746,40.5
A1,CUZ01747,31.0
B1,CUZ01748,0.0
A3,CUZ01749,47.5
C1,CUZ01750,0.0
C2,CUZ01751,0.0
C1,CUZ01752,60.0
C2,CUZ01753,0.0
A1,CUZ01754,31.8
A3,CUZ01755,0.0
B3,CUZ01756,0.0
B1,CUZ01757,0.0
C2,CUZ01758,0.0
A1,CUZ01759,0.0
B2,CUZ01760,0.0
A2,CUZ01761,0.0
B1,CUZ01762,49.0
A3,CUZ01763,0.0
B1,CUZ01764,0.0
A2,CUZ01765,0.0
C2,CUZ01766,0.0
A1,CUZ01767,0.0
B2,CUZ01768,0.0
A3,CUZ01769,50.0
A2,CUZ01770,0.0
A2,CUZ01771,0.0
C1,CUZ01772,0.0
B2,CUZ01773,0.0
A1,CUZ01774,0.0
C1,CUZ01775,0.0
B2,CUZ01776,0.0
A3,CUZ01777,0.0
C1,CUZ01778,0.0
A1,CUZ01779,0.0
B3,CUZ01780,0.0
A3,CUZ01781,0.0
B3,CUZ01782,0.0
B3,CUZ01783,94.0
B2,CUZ01784,0.0
C2,CUZ01785,0.0
B1,CUZ01786,0.0
B1,CUZ01787,0.0
C2,CUZ01788,0.0
B1,CUZ01789,0.0
B1,CUZ01790,0.0
A3,CUZ01791,0.0
A1,CUZ01792,30.3
B1,CUZ01793,0.0
B2,CUZ01794,0.0
A1,CUZ01795,49.0
B2,CUZ01796,48.0
A3,CUZ01797,60.5
B2,CUZ01798,0.0
A1,CUZ01799,0.0
C2,CUZ01800,0.0
B2,CUZ01801,0.0
B2,CUZ01802,0.0
B1,CUZ01803,0.0
C2,CUZ01804,0.0
A2,CUZ01805,0.0
B2,CUZ01806,0.0
B1,CUZ01807,0.0
B3,CUZ01808,0.0
C2,CUZ01809,0.0
A2,CUZ01810,0.0
B3,CUZ01811,0.0
A1,CUZ01812,29.3
A3,CUZ01813,122.0
A2,CUZ01814,0.0
C1,CUZ01815,0.0
B2,CUZ01816,0.0
A2,CUZ01817,0.0
C2,CUZ01818,76.0
A1,CUZ01819,0.0
B2,CUZ01820,0.0
A1,CUZ01821,0.0
C2,CUZ01822,0.0
B1,CUZ01823,0.0
A1,CUZ01824,0.0
B3,CUZ01825,0.0
C1,CUZ01826,0.0
B1,CUZ01827,0.0
B1,CUZ01828,0.0
C2,CUZ01829,82.0
B2,CUZ01830,0.0
B2,CUZ01831,0.0
B1,CUZ01832,0.0
A2,CUZ01833,66.5
C1,CUZ01834,0.0
A2,CUZ01835,0.0
B1,CUZ01836,0.0
B1,CUZ01837,0.0
A2,CUZ01838,0.0
B2,CUZ01839,0.0
B2,CUZ01840,0.0
C1,CUZ01841,0.0
A3,CUZ01842,0.0
C1,CUZ01843,0.0
A3,CUZ01844,0.0
A3,CUZ01845,0.0
A3,CUZ01846,0.0
A3,CUZ01847,0.0
A2,CUZ01848,74.0
B1,CUZ01849,0.0
B1,CUZ01850,0.0
A3,CUZ01851,48.0
A1,CUZ01852,0.0
C1,CUZ01853,84.0
A1,CUZ01854,0.0
B1,CUZ01855,0.0
B1,CUZ01856,0.0
A1,CUZ01857,29.0
B2,CUZ01858,0.0
B2,CUZ01859,0.0
B2,CUZ01860,0.0
B1,CUZ01861,0.0
B2,CUZ01862,0.0
A3,CUZ01863,0.0
A3,CUZ01864,0.0
A1,CUZ01865,32.0
A1,CUZ01866,34.0
A3,CUZ01867,0.0
C2,CUZ01868,0.0
B2,CUZ01869,0.0
B1,CUZ01870,0.0
A1,CUZ01871,0.0
A3,CUZ01872,56.5
A1,CUZ01873,0.0
C1,CUZ01874,0.0
B1,CUZ01875,165.0
B2,CUZ01876,0.0
A2,CUZ01877,71.0
A3,CUZ01878,138.0
B1,CUZ01879,0.0
B2,CUZ01880,0.0
B2,CUZ01881,0.0
C1,CUZ01882,158.0
B2,CUZ01883,0.0
C1,CUZ01884,0.0
B2,CUZ01885,0.0
A3,CUZ01886,0.0
B2,CUZ01887,165.0
B3,CUZ01888,0.0
B1,CUZ01889,0.0
B1,CUZ01890,0.0
B1,CUZ01891,0.0
A1,CUZ01892,0.0
C1,CUZ01893,0.0
A3,CUZ01894,0.0
B2,CUZ01895,0.0
C1,CUZ01896,0.0
B2,CUZ01897,0.0
B2,CUZ01898,0.0
B1,CUZ01899,0.0
A1,CUZ01900,29.6
B2,CUZ01901,0.0
C2,CUZ01902,132.0
A1,CUZ01903,0.0
A2,CUZ01904,0.0
B2,CUZ01905,0.0
A2,CUZ01906,0.0
A2,CUZ01907,0.0
A3,CUZ01908,0.0
B1,CUZ01909,0.0
A1,CUZ01910,0.0
A1,CUZ01911,118.0
A3,CUZ01912,0.0
B2,CUZ01913,0.0
A3,CUZ01914,0.0
B3,CUZ01915,0.0
B1,CUZ01916,0.0
B2,CUZ01917,0.0
C2,CUZ01918,0.0
B2,CUZ01919,0.0
A2,CUZ01920,0.0
B2,CUZ01921,0.0
A3,CUZ01922,0.0
A3,CUZ01923,0.0
B3,CUZ01924,36.0
B2,CUZ01925,0.0
B3,CUZ01926,0.0
B3,CUZ01927,0.0
A3,CUZ01928,0.0
B2,CUZ01929,0.0
A1,CUZ01930,37.7
B2,CUZ01931,0.0
A2,CUZ01932,0.0
B1,CUZ01933,0.0
B3,CUZ01934,0.0
A3,CUZ01935,0.0
A3,CUZ01936,0.0
B1,CUZ01937,132.0
A1,CUZ01938,0.0
C1,CUZ01939,0.0
A1,CUZ01940,43.3
B2,CUZ01941,0.0
B1,CUZ01942,0.0
A1,CUZ01943,0.0
B3,CUZ01944,0.0
A1,CUZ01945,37.3
C1,CUZ01946,0.0
B2,CUZ01947,0.0
A3,CUZ01948,0.0
A1,CUZ01949,0.0
B1,CUZ01950,110.0
B3,CUZ01951,99.0
B2,CUZ01952,0.0
C1,CUZ01953,0.0
B2,CUZ01954,0.0
A1,CUZ01955,26.7
B2,CUZ01956,0.0
B1,CUZ01957,0.0
B1,CUZ01958,0.0
B2,CUZ01959,0.0
A3,CUZ01960,0.0
B1,CUZ01961,0.0
B1,CUZ01962,26.0
B2,CUZ01963,0.0
B2,CUZ01964,0.0
C2,CUZ01965,0.0
A3,CUZ01966,0.0
A1,CUZ01967,43.7
C1,CUZ01968,0.0
B2,CUZ01969,0.0
A2,CUZ01970,38.8
C1,CUZ01971,0.0
B2,CUZ01972,0.0
B2,CUZ01973,0.0
A1,CUZ01974,40.3
A1,CUZ01975,68.0
A1,CUZ01976,124.0
C1,CUZ01977,0.0
C1,CUZ01978,0.0
A3,CUZ01979,0.0
C1,CUZ01980,0.0
B2,CUZ01981,0.0
B2,CUZ01982,0.0
A3,CUZ01983,127.0
B3,CUZ01984,0.0
B2,CUZ01985,0.0
B3,CUZ01986,0.0
C1,CUZ01987,0.0
A3,CUZ01988,40.0
A1,CUZ01989,0.0
A1,CUZ01990,40.0
B3,CUZ01991,0.0
C1,CUZ01992,61.0
A3,CUZ01993,28.0
B2,CUZ01994,0.0
B1,CUZ01995,0.0
A1,CUZ01996,0.0
A1,CUZ01997,0.0
A1,CUZ01998,0.0
C1,CUZ01999,0.0
B1,CUZ02000,0.0
A3,CUZ02001,0.0
A3,CUZ02002,0.0
B2,CUZ02003,0.0
B2,CUZ02004,0.0
C1,CUZ02005,0.0
B1,CUZ02006,0.0
A1,CUZ02007,29.7
B3,CUZ02008,0.0
A3,CUZ02009,0.0
A3,CUZ02010,21.0
A1,CUZ02011,0.0
A1,CUZ02012,0.0
B3,CUZ02013,0.0
A3,CUZ02014,0.0
B2,CUZ02015,0.0
C1,CUZ02016,0.0
A3,CUZ02017,0.0
C2,CUZ02018,0.0
B1,CUZ02019,0.0
A2,CUZ02020,26.0
A3,CUZ02021,0.0
A3,CUZ02022,0.0
B1,CUZ02023,0.0
C2,CUZ02024,0.0
A1,CUZ02025,6.0
A2,CUZ02026,0.0
A2,CUZ02027,0.0
B3,CUZ02028,0.0
B3,CUZ02029,0.0
C1,CUZ02030,101.0
C1,CUZ02031,96.0
B1,CUZ02032,0.0
A3,CUZ02033,0.0
B3,CUZ02034,0.0
C2,CUZ02035,0.0
A1,CUZ02036,0.0
A3,CUZ02037,0.0
A2,CUZ02038,0.0
A3,CUZ02039,0.0
C1,CUZ02040,18.0
B1,CUZ02041,0.0
B2,CUZ02042,0.0
B1,CUZ02043,53.0
A1,CUZ02044,35.2
B1,CUZ02045,0.0
A3,CUZ02046,0.0
B2,CUZ02047,0.0
C1,CUZ02048,0.0
A1,CUZ02049,35.5
B2,CUZ02050,0.0
A2,CUZ02051,0.0
A2,CUZ02052,0.0
B1,CUZ02053,47.0
A3,CUZ02054,0.0
A3,CUZ02055,0.0
B1,CUZ02056,0.0
A1,CUZ02057,0.0
B2,CUZ02058,0.0
B1,CUZ02059,0.0
B1,CUZ02060,54.5
B3,CUZ02061,0.0
B2,CUZ02062,0.0
B1,CUZ02063,0.0
B3,CUZ02064,0.0
C1,CUZ02065,0.0
A2,CUZ02066,0.0
C3,CUZ02067,0.0
C1,CUZ02068,22.0
B2,CUZ02069,0.0
A2,CUZ02070,0.0
A3,CUZ02071,0.0
A3,CUZ02072,0.0
B2,CUZ02073,0.0
C2,CUZ02074,0.0
B1,CUZ02075,0.0
A1,CUZ02076,0.0
C2,CUZ02077,0.0
C1,CUZ02078,0.0
B1,CUZ02079,0.0
A1,CUZ02080,0.0
B1,CUZ02081,0.0
A2,CUZ02082,0.0
B2,CUZ02083,0.0
A2,CUZ02084,0.0
B2,CUZ02085,0.0
C1,CUZ02086,0.0
A2,CUZ02087,0.0
B3,CUZ02088,0.0
A1,CUZ02089,65.0
C2,CUZ02090,0.0
A1,CUZ02091,36.0
A1,CUZ02092,48.0
A1,CUZ02093,0.0
A1,CUZ02094,0.0
A1,CUZ02095,0.0
B2,CUZ02096,0.0
C1,CUZ02097,0.0
B1,CUZ02098,0.0
C1,CUZ02099,0.0
C1,CUZ02100,0.0
A1,CUZ02101,50.0
B3,CUZ02102,0.0
A1,CUZ02103,41.0
B2,CUZ02104,0.0
A1,CUZ02105,38.0
B2,CUZ02106,0.0
A1,CUZ02107,0.0
C1,CUZ02108,0.0
A1,CUZ02109,0.0
A1,CUZ02110,57.5
A2,CUZ02111,0.0
C2,CUZ02112,0.0
B3,CUZ02113,0.0
A1,CUZ02114,0.0
A1,CUZ02115,44.3
A1,CUZ02116,31.2
C2,CUZ02117,0.0
A1,CUZ02118,40.0
A2,CUZ02119,0.0
B1,CUZ02120,142.0
B3,CUZ02121,0.0
B2,CUZ02122,0.0
C2,CUZ02123,0.0
B1,CUZ02124,0.0
B2,CUZ02125,0.0
B2,CUZ02126,0.0
C2,CUZ02127,0.0
A1,CUZ02128,40.3
B1,CUZ02129,0.0
A1,CUZ02130,41.3
B2,CUZ02131,0.0
A3,CUZ02132,0.0
B2,CUZ02133,0.0
B1,CUZ02134,0.0
B3,CUZ02135,65.0
C2,CUZ02136,0.0
B2,CUZ02137,0.0
B3,CUZ02138,43.0
B1,CUZ02139,0.0
A1,CUZ02140,100.0
A2,CUZ02141,0.0
C2,CUZ02142,0.0
B1,CUZ02143,0.0
B1,CUZ02144,0.0
A2,CUZ02145,0.0
A2,CUZ02146,0.0
A2,CUZ02147,0.0
B2,CUZ02148,0.0
B3,CUZ02149,0.0
C2,CUZ02150,0.0
B2,CUZ02151,0.0
A1,CUZ02152,38.0
B2,CUZ02153,0.0
C3,CUZ02154,0.0
A3,CUZ02155,0.0
C1,CUZ02156,0.0
B3,CUZ02157,0.0
C2,CUZ02158,0.0
B2,CUZ02159,0.0
B1,CUZ02160,0.0
A1,CUZ02161,0.0
A2,CUZ02162,0.0
A2,CUZ02163,0.0
B2,CUZ02164,0.0
B2,CUZ02165,0.0
B3,CUZ02166,0.0
C2,CUZ02167,0.0
A1,CUZ02168,0.0
B2,CUZ02169,0.0
A2,CUZ02170,0.0
A3,CUZ02171,0.0
B1,CUZ02172,0.0
A1,CUZ02173,0.0
C2,CUZ02174,0.0
C2,CUZ02175,0.0
C2,CUZ02176,0.0
B2,CUZ02177,0.0
B2,CUZ02178,0.0
B2,CUZ02179,0.0
A1,CUZ02180,0.0
C1,CUZ02181,135.0
C2,CUZ02182,0.0
A1,CUZ02183,0.0
B2,CUZ02184,0.0
A2,CUZ02185,0.0
A1,CUZ02186,31.5
C1,CUZ02187,0.0
A2,CUZ02188,0.0
A1,CUZ02189,105.0
C2,CUZ02190,0.0
B3,CUZ02191,0.0
B2,CUZ02192,0.0
B2,CUZ02193,0.0
A3,CUZ02194,0.0
B1,CUZ02195,0.0
B3,CUZ02196,0.0
A3,CUZ02197,0.0
B2,CUZ02198,0.0
B1,CUZ02199,65.0
B3,CUZ02200,41.0
B3,CUZ02201,39.0
B3,CUZ02202,0.0
C2,CUZ02203,0.0
A1,CUZ02204,35.0
B3,CUZ02205,0.0
A3,CUZ02206,0.0
C1,CUZ02207,0.0
B3,CUZ02208,0.0
B2,CUZ02209,0.0
A1,CUZ02210,0.0
C1,CUZ02211,0.0
B3,CUZ02212,0.0
C1,CUZ02213,0.0
A1,CUZ02214,41.0
C1,CUZ02215,0.0
A1,CUZ02216,32.8
A3,CUZ02217,0.0
A2,CUZ02218,56.0
C2,CUZ02219,0.0
B2,CUZ02220,0.0
A1,CUZ02221,62.5
B2,CUZ02222,0.0
A2,CUZ02223,0.0
A1,CUZ02224,0.0
A2,CUZ02225,0.0
B2,CUZ02226,0.0
C2,CUZ02227,0.0
B1,CUZ02228,0.0
A2,CUZ02229,0.0
B2,CUZ02230,0.0
A3,CUZ02231,0.0
C2,CUZ02232,0.0
B1,CUZ02233,26.0
C2,CUZ02234,0.0
B2,CUZ02235,0.0
B2,CUZ02236,0.0
C1,CUZ02237,0.0
A1,CUZ02238,0.0
A3,CUZ02239,0.0
C1,CUZ02240,0.0
B1,CUZ02241,0.0
B2,CUZ02242,0.0
C1,CUZ02243,0.0
B3,CUZ02244,0.0
B1,CUZ02245,0.0
B2,CUZ02246,0.0
B2,CUZ02247,0.0
B1,CUZ02248,0.0
B2,CUZ02249,0.0
B1,CUZ02250,0.0
B2,CUZ02251,0.0
B1,CUZ02252,0.0
C2,CUZ02253,0.0
A1,CUZ02254,43.0
A1,CUZ02255,33.0
A2,CUZ02256,0.0
A2,CUZ02257,0.0
B2,CUZ02258,0.0
A1,CUZ02259,0.0
B2,CUZ02260,0.0
A2,CUZ02261,0.0
B3,CUZ02262,0.0
B2,CUZ02263,0.0
B2,CUZ02264,0.0
A2,CUZ02265,0.0
B1,CUZ02266,18.0
A3,CUZ02267,0.0
B1,CUZ02268,32.0
B3,CUZ02269,0.0
A1,CUZ02270,0.0
A2,CUZ02271,0.0
C1,CUZ02272,0.0
B1,CUZ02273,0.0
A2,CUZ02274,0.0
A1,CUZ02275,0.0
A2,CUZ02276,0.0
C2,CUZ02277,0.0
B3,CUZ02278,0.0
A1,CUZ02279,0.0
A2,CUZ02280,0.0
A1,CUZ02281,31.0
C2,CUZ02282,0.0
B2,CUZ02283,0.0
A2,CUZ02284,0.0
C2,CUZ02285,55.5
C2,CUZ02286,0.0
B1,CUZ02287,0.0
B3,CUZ02288,0.0
B1,CUZ02289,0.0
A3,CUZ02290,0.0
B2,CUZ02291,0.0
B2,CUZ02292,0.0
A1,CUZ02293,0.0
A2,CUZ02294,0.0
A1,CUZ02295,0.0
B3,CUZ02296,0.0
A2,CUZ02297,0.0
B2,CUZ02298,0.0
C2,CUZ02299,0.0
B2,CUZ02300,0.0
B2,CUZ02301,0.0
C1,CUZ02302,0.0
C1,CUZ02303,0.0
C1,CUZ02304,0.0
B3,CUZ02305,0.0
B1,CUZ02306,0.0
C1,CUZ02307,0.0
B3,CUZ02308,0.0
A2,CUZ02309,0.0
A1,CUZ02310,0.0
B2,CUZ02311,0.0
A3,CUZ02312,0.0
B2,CUZ02313,0.0
C1,CUZ02314,0.0
C2,CUZ02315,0.0
A1,CUZ02316,0.0
A1,CUZ02317,0.0
B3,CUZ02318,0.0
B2,CUZ02319,0.0
B2,CUZ02320,0.0
A1,CUZ02321,36.0
A1,CUZ02322,45.5
B2,CUZ02323,0.0
A3,CUZ02324,0.0
B2,CUZ02325,0.0
A1,CUZ02326,95.0
C2,CUZ02327,0.0
A2,CUZ02328,0.0
A2,CUZ02329,0.0
C1,CUZ02330,0.0
B1,CUZ02331,0.0
A1,CUZ02332,0.0
C2,CUZ02333,79.0
A3,CUZ02334,0.0
A1,CUZ02335,0.0
A3,CUZ02336,0.0
B2,CUZ02337,0.0
B1,CUZ02338,0.0
A1,CUZ02339,0.0
A2,CUZ02340,0.0
A2,CUZ02341,0.0
B3,CUZ02342,0.0
B3,CUZ02343,0.0
B1,CUZ02344,0.0
B2,CUZ02345,0.0
A1,CUZ02346,67.0
B2,CUZ02347,0.0
C1,CUZ02348,0.0
A2,CUZ02349,0.0
B1,CUZ02350,0.0
B1,CUZ02351,49.0
A2,CUZ02352,0.0
B1,CUZ02353,0.0
B3,CUZ02354,0.0
A2,CUZ02355,51.0
A1,CUZ02356,31.7
A2,CUZ02357,0.0
B3,CUZ02358,0.0
A1,CUZ02359,0.0
C1,CUZ02360,0.0
A2,CUZ02361,0.0
A2,CUZ02362,0.0
B2,CUZ02363,0.0
A2,CUZ02364,32.0
A1,CUZ02365,89.0
C2,CUZ02366,0.0
A2,CUZ02367,0.0
B2,CUZ02368,0.0
B3,CUZ02369,0.0
A1,CUZ02370,0.0
B1,CUZ02371,0.0
B1,CUZ02372,0.0
B2,CUZ02373,0.0
B2,CUZ02374,0.0
A2,CUZ02375,0.0
C1,CUZ02376,0.0
C2,CUZ02377,34.5
B2,CUZ02378,0.0
B1,CUZ02379,0.0
A3,CUZ02380,0.0
C1,CUZ02381,0.0
B2,CUZ02382,0.0
A1,CUZ02383,0.0
A1,CUZ02384,0.0
C3,CUZ02385,0.0
A1,CUZ02386,0.0
B2,CUZ02387,0.0
B3,CUZ02388,0.0
C2,CUZ02389,0.0
C1,CUZ02390,0.0
B3,CUZ02391,0.0
C3,CUZ02392,0.0
C2,CUZ02393,0.0
A3,CUZ02394,0.0
A3,CUZ02395,0.0
B1,CUZ02396,0.0
B3,CUZ02397,0.0
A1,CUZ02398,0.0
B1,CUZ02399,0.0
A1,CUZ02400,0.0
C3,CUZ02401,0.0
C1,CUZ02402,0.0
A1,CUZ02403,0.0
C1,CUZ02404,0.0
B1,CUZ02405,75.0
B3,CUZ02406,0.0
A1,CUZ02407,0.0
C2,CUZ02408,0.0
A2,CUZ02409,0.0
B3,CUZ02410,0.0
A1,CUZ02411,72.0
A3,CUZ02412,0.0
A1,CUZ02413,0.0
B2,CUZ02414,0.0
B2,CUZ02415,0.0
B2,CUZ02416,0.0
A3,CUZ02417,0.0
C1,CUZ02418,0.0
A2,CUZ02419,0.0
B1,CUZ02420,0.0
B2,CUZ02421,0.0
B3,CUZ02422,0.0
A2,CUZ02423,0.0
C1,CUZ02424,0.0
A1,CUZ02425,48.5
A1,CUZ02426,74.0
A1,CUZ02427,0.0
A1,CUZ02428,0.0
A2,CUZ02429,70.0
A1,CUZ02430,0.0
A2,CUZ02431,0.0
C1,CUZ02432,0.0
A1,CUZ02433,0.0
A1,CUZ02434,59.0
C1,CUZ02435,0.0
A1,CUZ02436,0.0
B1,CUZ02437,0.0
A1,CUZ02438,37.0
C1,CUZ02439,0.0
B1,CUZ02440,0.0
C1,CUZ02441,0.0
C1,CUZ02442,0.0
C1,CUZ02443,0.0
A2,CUZ02444,0.0
A1,CUZ02445,33.7
C1,CUZ02446,48.0
B3,CUZ02447,0.0
C2,CUZ02448,0.0
A1,CUZ02449,0.0
A1,CUZ02450,47.0
B2,CUZ02451,0.0
B3,CUZ02452,0.0
A2,CUZ02453,0.0
A1,CUZ02454,32.0
B1,CUZ02455,0.0
B2,CUZ02456,0.0
A2,CUZ02457,0.0
A2,CUZ02458,94.0
B3,CUZ02459,0.0
B2,CUZ02460,0.0
B3,CUZ02461,0.0
C2,CUZ02462,79.0
B1,CUZ02463,0.0
A2,CUZ02464,98.0
B2,CUZ02465,0.0
C2,CUZ02466,0.0
A2,CUZ02467,0.0
A3,CUZ02468,0.0
A2,CUZ02469,0.0
C1,CUZ02470,0.0
A2,CUZ02471,102.0
A1,CUZ02472,0.0
B1,CUZ02473,0.0
A2,CUZ02474,98.0
B3,CUZ02475,0.0
B2,CUZ02476,0.0
B3,CUZ02477,0.0
B3,CUZ02478,0.0
A3,CUZ02479,0.0
C1,CUZ02480,0.0
A1,CUZ02481,0.0
B3,CUZ02482,0.0
A3,CUZ02483,0.0
A1,CUZ02484,33.0
C1,CUZ02485,0.0
B1,CUZ02486,0.0
B1,CUZ02487,0.0
A3,CUZ02488,0.0
A2,CUZ02489,0.0
A1,CUZ02490,0.0
A1,CUZ02491,0.0
A1,CUZ02492,0.0
C1,CUZ02493,33.0
B3,CUZ02494,0.0
A2,CUZ02495,0.0
A2,CUZ02496,0.0
A3,CUZ02497,0.0
B1,CUZ02498,0.0
B2,CUZ02499,0.0
A1,CUZ02500,0.0
C2,CUZ02501,0.0
A1,CUZ02502,28.3
C1,CUZ02503,0.0
B2,CUZ02504,0.0
B1,CUZ02505,0.0
A2,CUZ02506,0.0
A2,CUZ02507,0.0
C1,CUZ02508,0.0
A2,CUZ02509,0.0
B2,CUZ02510,0.0
A1,CUZ02511,0.0
B1,CUZ02512,54.0
A1,CUZ02513,0.0
A2,CUZ02514,0.0
C1,CUZ02515,0.0
C2,CUZ02516,47.5
B1,CUZ02517,0.0
A3,CUZ02518,0.0
B1,CUZ02519,0.0
B3,CUZ02520,0.0
A1,CUZ02521,39.0
B2,CUZ02522,0.0
A2,CUZ02523,0.0
B1,CUZ02524,0.0
A3,CUZ02525,48.0
B3,CUZ02526,0.0
C1,CUZ02527,0.0
A1,CUZ02528,0.0
B3,CUZ02529,0.0
A2,CUZ02530,0.0
A1,CUZ02531,33.0
A2,CUZ02532,83.0
A1,CUZ02533,97.0
B2,CUZ02534,0.0
B3,CUZ02535,0.0
A3,CUZ02536,0.0
A2,CUZ02537,0.0
C1,CUZ02538,0.0
A2,CUZ02539,0.0
A3,CUZ02540,0.0
B3,CUZ02541,0.0
C1,CUZ02542,0.0
B1,CUZ02543,0.0
A1,CUZ02544,0.0
A1,CUZ02545,0.0
A1,CUZ02546,34.0
A1,CUZ02547,0.0
A2,CUZ02548,0.0
B3,CUZ02549,0.0
A1,CUZ02550,0.0
A1,CUZ02551,0.0
A2,CUZ02552,75.0
A1,CUZ02553,0.0
A1,CUZ02554,46.0
A2,CUZ02555,0.0
A1,CUZ02556,51.0
A2,CUZ02557,0.0
A1,CUZ02558,72.0
C1,CUZ02559,0.0
A1,CUZ02560,57.0
A1,CUZ02561,32.0
B1,CUZ02562,0.0
B2,CUZ02563,0.0
A3,CUZ02564,26.0
A1,CUZ02565,0.0
B3,CUZ02566,0.0
C1,CUZ02567,0.0
A1,CUZ02568,44.0
B1,CUZ02569,0.0
A2,CUZ02570,0.0
C1,CUZ02571,0.0
A2,CUZ02572,0.0
A2,CUZ02573,106.0
A1,CUZ02574,17.0
A3,CUZ02575,61.0
B3,CUZ02576,0.0
B1,CUZ02577,0.0
C2,CUZ02578,0.0
B1,CUZ02579,0.0
A1,CUZ02580,29.7
C1,CUZ02581,0.0
C1,CUZ02582,55.0
A2,CUZ02583,0.0
A2,CUZ02584,64.0
B2,CUZ02585,0.0
B1,CUZ02586,0.0
B3,CUZ02587,0.0
C1,CUZ02588,0.0
A3,CUZ02589,0.0
A1,CUZ02590,55.0
A3,CUZ02591,0.0
B1,CUZ02592,0.0
C1,CUZ02593,0.0
A3,CUZ02594,0.0
B3,CUZ02595,0.0
A1,CUZ02596,0.0
A1,CUZ02597,31.0
B1,CUZ02598,0.0
C1,CUZ02599,52.0
A1,CUZ02600,22.5
A2,CUZ02601,0.0
A1,CUZ02602,27.3
A1,CUZ02603,38.0
A2,CUZ02604,0.0
B2,CUZ02605,0.0
A2,CUZ02606,0.0
B3,CUZ02607,0.0
A2,CUZ02608,0.0
C3,CUZ02609,0.0
A2,CUZ02610,0.0
A2,CUZ02611,0.0
A3,CUZ02612,0.0
A1,CUZ02613,0.0
A3,CUZ02614,0.0
B2,CUZ02615,0.0
B2,CUZ02616,0.0
B1,CUZ02617,0.0
B3,CUZ02618,0.0
A2,CUZ02619,0.0
B1,CUZ02620,0.0
C1,CUZ02621,0.0
A1,CUZ02622,0.0
B2,CUZ02623,0.0
B3,CUZ02624,0.0
B2,CUZ02625,0.0
C2,CUZ02626,0.0
B1,CUZ02627,0.0
A1,CUZ02628,53.0
A2,CUZ02629,0.0
A3,CUZ02630,19.0
C1,CUZ02631,0.0
C1,CUZ02632,0.0
C2,CUZ02633,21.0
C1,CUZ02634,0.0
A1,CUZ02635,42.5
A1,CUZ02636,0.0
B1,CUZ02637,0.0
A2,CUZ02638,0.0
B2,CUZ02639,21.5
C2,CUZ02640,0.0
A3,CUZ02641,0.0
A2,CUZ02642,0.0
A3,CUZ02643,0.0
A2,CUZ02644,0.0
A2,CUZ02645,0.0
C2,CUZ02646,0.0
B1,CUZ02647,0.0
B2,CUZ02648,0.0
A2,CUZ02649,0.0
B2,CUZ02650,0.0
A2,CUZ02651,16.0
A1,CUZ02652,0.0
A1,CUZ02653,0.0
A2,CUZ02654,0.0
A3,CUZ02655,0.0
B1,CUZ02656,0.0
B3,CUZ02657,0.0
A3,CUZ02658,0.0
A2,CUZ02659,0.0
A3,CUZ02660,0.0
C2,CUZ02661,35.5
A2,CUZ02662,0.0
B1,CUZ02663,0.0
A2,CUZ02664,0.0
B1,CUZ02665,0.0
B2,CUZ02666,0.0
C2,CUZ02667,0.0
A1,CUZ02668,34.5
C1,CUZ02669,0.0
B2,CUZ02670,0.0
B2,CUZ02671,0.0
A2,CUZ02672,78.0
A2,CUZ02673,0.0
A1,CUZ02674,0.0
B3,CUZ02675,0.0
A1,CUZ02676,43.0
A2,CUZ02677,0.0
C1,CUZ02678,0.0
B3,CUZ02679,0.0
C2,CUZ02680,0.0
A3,CUZ02681,0.0
A2,CUZ02682,18.0
B1,CUZ02683,0.0
A3,CUZ02684,0.0
B2,CUZ02685,0.0
A1,CUZ02686,0.0
B1,CUZ02687,0.0
B3,CUZ02688,0.0
A2,CUZ02689,0.0
B3,CUZ02690,0.0
A1,CUZ02691,23.0
B1,CUZ02692,0.0
A1,CUZ02693,0.0
A1,CUZ02694,0.0
A1,CUZ02695,0.0
C1,CUZ02696,0.0
B1,CUZ02697,64.0
B3,CUZ02698,0.0
C1,CUZ02699,0.0
A2,CUZ02700,0.0
C1,CUZ02701,0.0
A1,CUZ02702,75.0
A1,CUZ02703,0.0
B1,CUZ02704,0.0
B2,CUZ02705,0.0
A1,CUZ02706,0.0
A2,CUZ02707,0.0
B1,CUZ02708,0.0
B1,CUZ02709,0.0
A3,CUZ02710,0.0
A1,CUZ02711,0.0
C1,CUZ02712,78.0
A2,CUZ02713,42.0
A1,CUZ02714,0.0
B3,CUZ02715,0.0
B2,CUZ02716,0.0
A1,CUZ02717,54.0
A2,CUZ02718,48.0
A1,CUZ02719,0.0
A2,CUZ02720,0.0
A2,CUZ02721,61.0
A1,CUZ02722,0.0
B2,CUZ02723,0.0
C2,CUZ02724,0.0
C2,CUZ02725,0.0
C1,CUZ02726,0.0
A3,CUZ02727,0.0
A3,CUZ02728,0.0
C1,CUZ02729,0.0
C3,CUZ02730,0.0
B2,CUZ02731,0.0
B3,CUZ02732,0.0
A1,CUZ02733,29.0
A3,CUZ02734,0.0
A3,CUZ02735,0.0
A2,CUZ02736,0.0
B3,CUZ02737,0.0
C1,CUZ02738,0.0
A1,CUZ02739,26.5
C1,CUZ02740,0.0
A1,CUZ02741,22.7
B3,CUZ02742,0.0
A2,CUZ02743,0.0
A2,CUZ02744,0.0
C1,CUZ02745,0.0
B1,CUZ02746,0.0
C2,CUZ02747,0.0
A1,CUZ02748,0.0
B2,CUZ02749,0.0
A3,CUZ02750,42.0
A2,CUZ02751,0.0
B2,CUZ02752,0.0
A3,CUZ02753,0.0
B3,CUZ02754,0.0
A1,CUZ02755,0.0
B1,CUZ02756,0.0
A1,CUZ02757,0.0
C2,CUZ02758,0.0
B3,CUZ02759,0.0
A1,CUZ02760,0.0
A1,CUZ02761,0.0
A3,CUZ02762,0.0
B1,CUZ02763,0.0
C2,CUZ02764,0.0
A3,CUZ02765,0.0
A2,CUZ02766,0.0
B3,CUZ02767,0.0
C2,CUZ02768,0.0
B2,CUZ02769,0.0
A1,CUZ02770,0.0
A3,CUZ02771,0.0
C1,CUZ02772,0.0
A2,CUZ02773,0.0
B2,CUZ02774,0.0
B2,CUZ02775,0.0
B1,CUZ02776,0.0
A1,CUZ02777,0.0
A2,CUZ02778,0.0
B1,CUZ02779,0.0
A1,CUZ02780,52.0
C2,CUZ02781,0.0
C1,CUZ02782,0.0
B1,CUZ02783,0.0
B3,CUZ02784,0.0
A1,CUZ02785,45.0
A2,CUZ02786,0.0
C1,CUZ02787,0.0
C2,CUZ02788,0.0
A3,CUZ02789,0.0
C3,CUZ02790,0.0
A3,CUZ02791,0.0
C1,CUZ02792,0.0
B1,CUZ02793,0.0
B2,CUZ02794,0.0
B3,CUZ02795,0.0
A1,CUZ02796,62.0
B1,CUZ02797,0.0
B1,CUZ02798,0.0
A1,CUZ02799,0.0
A1,CUZ02800,0.0
A3,CUZ02801,0.0
B2,CUZ02802,0.0
A2,CUZ02803,0.0
B1,CUZ02804,0.0
A3,CUZ02805,0.0
A2,CUZ02806,0.0
B2,CUZ02807,0.0
B2,CUZ02808,0.0
A1,CUZ02809,0.0
C1,CUZ02810,0.0
A2,CUZ02811,0.0
C3,CUZ02812,0.0
C2,CUZ02813,0.0
A1,CUZ02814,0.0
B1,CUZ02815,0.0
A1,CUZ02816,0.0
A1,CUZ02817,0.0
C1,CUZ02818,0.0
C2,CUZ02819,0.0
B1,CUZ02820,0.0
A2,CUZ02821,74.0
B2,CUZ02822,0.0
A2,CUZ02823,0.0
A3,CUZ02824,0.0
C2,CUZ02825,39.0
A3,CUZ02826,38.0
C2,CUZ02827,0.0
C1,CUZ02828,0.0
A1,CUZ02829,68.0
A2,CUZ02830,0.0
A2,CUZ02831,0.0
A3,CUZ02832,0.0
C1,CUZ02833,0.0
A3,CUZ02834,0.0
C1,CUZ02835,38.5
A3,CUZ02836,0.0
A2,CUZ02837,0.0
B3,CUZ02838,0.0
B2,CUZ02839,0.0
C1,CUZ02840,0.0
A1,CUZ02841,0.0
B1,CUZ02842,0.0
A3,CUZ02843,0.0
C2,CUZ02844,0.0
A1,CUZ02845,0.0
C3,CUZ02846,0.0
A1,CUZ02847,25.0
B2,CUZ02848,0.0
B1,CUZ02849,0.0
B1,CUZ02850,0.0
C3,CUZ02851,0.0
B1,CUZ02852,0.0
B3,CUZ02853,0.0
A1,CUZ02854,0.0
A2,CUZ02855,0.0
A2,CUZ02856,30.0
C2,CUZ02857,0.0
B3,CUZ02858,0.0
A2,CUZ02859,78.0
A1,CUZ02860,26.0
C1,CUZ02861,37.0
B1,CUZ02862,0.0
A3,CUZ02863,0.0
B3,CUZ02864,0.0
A1,CUZ02865,49.0
A1,CUZ02866,35.0
A3,CUZ02867,0.0
C1,CUZ02868,0.0
B3,CUZ02869,0.0
B2,CUZ02870,0.0
A1,CUZ02871,73.0
A2,CUZ02872,0.0
B2,CUZ02873,0.0
A3,CUZ02874,0.0
C1,CUZ02875,0.0
B3,CUZ02876,0.0
C3,CUZ02877,0.0
A2,CUZ02878,0.0
A3,CUZ02879,0.0
B1,CUZ02880,0.0
A2,CUZ02881,0.0
A2,CUZ02882,0.0
B3,CUZ02883,0.0
C2,CUZ02884,82.0
A3,CUZ02885,0.0
C3,CUZ02886,0.0
C1,CUZ02887,0.0
B3,CUZ02888,0.0
A3,CUZ02889,0.0
A2,CUZ02890,0.0
A1,CUZ02891,0.0
B1,CUZ02892,0.0
B2,CUZ02893,0.0
C2,CUZ02894,44.0
A1,CUZ02895,0.0
A2,CUZ02896,0.0
A3,CUZ02897,0.0
A2,CUZ02898,0.0
B3,CUZ02899,0.0
B3,CUZ02900,0.0
B3,CUZ02901,0.0
A2,CUZ02902,0.0
B3,CUZ02903,0.0
A3,CUZ02904,0.0
A1,CUZ02905,0.0
A1,CUZ02906,0.0
A3,CUZ02907,0.0
A3,CUZ02908,0.0
B1,CUZ02909,0.0
B2,CUZ02910,0.0
B2,CUZ02911,0.0
C2,CUZ02912,0.0
B3,CUZ02913,0.0
A3,CUZ02914,0.0
B2,CUZ02915,0.0
A2,CUZ02916,28.5
B2,CUZ02917,0.0
A1,CUZ02918,0.0
C1,CUZ02919,0.0
A3,CUZ02920,0.0
B1,CUZ02921,0.0
A2,CUZ02922,0.0
C2,CUZ02923,0.0
B2,CUZ02924,0.0
C1,CUZ02925,0.0
B3,CUZ02926,0.0
B2,CUZ02927,0.0
C1,CUZ02928,0.0
A1,CUZ02929,0.0
A3,CUZ02930,0.0
B3,CUZ02931,0.0
B1,CUZ02932,0.0
C1,CUZ02933,0.0
B3,CUZ02934,0.0
A1,CUZ02935,0.0
A1,CUZ02936,0.0
B2,CUZ02937,0.0
A1,CUZ02938,30.0
B2,CUZ02939,0.0
C1,CUZ02940,0.0
B3,CUZ02941,0.0
B2,CUZ02942,0.0
A1,CUZ02943,0.0
A3,CUZ02944,56.0
A3,CUZ02945,19.0
B2,CUZ02946,0.0
C1,CUZ02947,0.0
C2,CUZ02948,0.0
C2,CUZ02949,0.0
B1,CUZ02950,0.0
B1,CUZ02951,0.0
B1,CUZ02952,0.0
B1,CUZ02953,0.0
C1,CUZ02954,0.0
A1,CUZ02955,0.0
A2,CUZ02956,0.0
A2,CUZ02957,0.0
B1,CUZ02958,0.0
B2,CUZ02959,0.0
A3,CUZ02960,0.0
B3,CUZ02961,0.0
B1,CUZ02962,0.0
A2,CUZ02963,0.0
B3,CUZ02964,0.0
B2,CUZ02965,0.0
B1,CUZ02966,0.0
A3,CUZ02967,0.0
A1,CUZ02968,67.0
A2,CUZ02969,58.0
A1,CUZ02970,30.0
B3,CUZ02971,0.0
A1,CUZ02972,0.0
C3,CUZ02973,0.0
B1,CUZ02974,0.0
A2,CUZ02975,0.0
A3,CUZ02976,0.0
A3,CUZ02977,0.0
A2,CUZ02978,0.0
A1,CUZ02979,37.0
C2,CUZ02980,0.0
B3,CUZ02981,0.0
B2,CUZ02982,0.0
B3,CUZ02983,0.0
B1,CUZ02984,0.0
B1,CUZ02985,0.0
A2,CUZ02986,0.0
A1,CUZ02987,0.0
B3,CUZ02988,0.0
A2,CUZ02989,0.0
B2,CUZ02990,0.0
C1,CUZ02991,0.0
A3,CUZ02992,0.0
C1,CUZ02993,0.0
B3,CUZ02994,0.0
C2,CUZ02995,0.0
C1,CUZ02996,0.0
A2,CUZ02997,0.0
C1,CUZ02998,0.0
C2,CUZ02999,0.0
A1,CUZ03000,0.0
C2,CUZ03001,0.0
A3,CUZ03002,0.0
A1,CUZ03003,47.0
A1,CUZ03004,0.0
C2,CUZ03005,0.0
A2,CUZ03006,0.0
B1,CUZ03007,36.0
C1,CUZ03008,0.0
C2,CUZ03009,0.0
A2,CUZ03010,0.0
A3,CUZ03011,0.0
A1,CUZ03012,0.0
A2,CUZ03013,0.0
A3,CUZ03014,0.0
A1,CUZ03015,0.0
B3,CUZ03016,0.0
A1,CUZ03017,0.0
A2,CUZ03018,0.0
B1,CUZ03019,0.0
B1,CUZ03020,0.0
B2,CUZ03021,0.0
C1,CUZ03022,0.0
A3,CUZ03023,0.0
A2,CUZ03024,34.5
A2,CUZ03025,0.0
C3,CUZ03026,0.0
A3,CUZ03027,0.0
A2,CUZ03028,0.0
A1,CUZ03029,27.0
B1,CUZ03030,0.0
C1,CUZ03031,0.0
A3,CUZ03032,0.0
B1,CUZ03033,0.0
C1,CUZ03034,0.0
B3,CUZ03035,0.0
A1,CUZ03036,26.0
A2,CUZ03037,0.0
A1,CUZ03038,0.0
A1,CUZ03039,0.0
A2,CUZ03040,0.0
C1,CUZ03041,0.0
B1,CUZ03042,24.0
B2,CUZ03043,0.0
A3,CUZ03044,0.0
A1,CUZ03045,0.0
A1,CUZ03046,0.0
B3,CUZ03047,0.0
A1,CUZ03048,0.0
B2,CUZ03049,0.0
C1,CUZ03050,0.0
C2,CUZ03051,0.0
A2,CUZ03052,0.0
A1,CUZ03053,0.0
B1,CUZ03054,0.0
A2,CUZ03055,51.0
C2,CUZ03056,0.0
B2,CUZ03057,55.0
C1,CUZ03058,0.0
B3,CUZ03059,0.0
C1,CUZ03060,0.0
A1,CUZ03061,0.0
B1,CUZ03062,0.0
C1,CUZ03063,0.0
A1,CUZ03064,0.0
A2,CUZ03065,0.0
A3,CUZ03066,0.0
B2,CUZ03067,0.0
B2,CUZ03068,0.0
C1,CUZ03069,32.0
A1,CUZ03070,0.0
A2,CUZ03071,0.0
C1,CUZ03072,0.0
C2,CUZ03073,0.0
C2,CUZ03074,0.0
C2,CUZ03075,0.0
A1,CUZ03076,32.5
B2,CUZ03077,0.0
A1,CUZ03078,0.0
C1,CUZ03079,0.0
A3,CUZ03080,0.0
B2,CUZ03081,0.0
B2,CUZ03082,0.0
A3,CUZ03083,0.0
B1,CUZ03084,0.0
C1,CUZ03085,0.0
C3,CUZ03086,0.0
B1,CUZ03087,0.0
B1,CUZ03088,0.0
C2,CUZ03089,0.0
B2,CUZ03090,0.0
A1,CUZ03091,0.0
C1,CUZ03092,0.0
B1,CUZ03093,0.0
A3,CUZ03094,0.0
A3,CUZ03095,0.0
B1,CUZ03096,0.0
B1,CUZ03097,0.0
A2,CUZ03098,0.0
A2,CUZ03099,0.0
A2,CUZ03100,0.0
A1,CUZ03101,28.0
C1,CUZ03102,0.0
B2,CUZ03103,0.0
C1,CUZ03104,0.0
B2,CUZ03105,0.0
A3,CUZ03106,0.0
B1,CUZ03107,0.0
B2,CUZ03108,0.0
A3,CUZ03109,0.0
C1,CUZ03110,0.0
A1,CUZ03111,0.0
A2,CUZ03112,0.0
A1,CUZ03113,0.0
A2,CUZ03114,0.0
A3,CUZ03115,0.0
A3,CUZ03116,0.0
C2,CUZ03117,0.0
A2,CUZ03118,33.0
C2,CUZ03119,0.0
C1,CUZ03120,0.0
A3,CUZ03121,0.0
A3,CUZ03122,0.0
C1,CUZ03123,0.0
A2,CUZ03124,0.0
A3,CUZ03125,0.0
C1,CUZ03126,21.5
A1,CUZ03127,26.0
C2,CUZ03128,0.0
A1,CUZ03129,0.0
B2,CUZ03130,0.0
A3,CUZ03131,57.0
C1,CUZ03132,0.0
B2,CUZ03133,0.0
A2,CUZ03134,0.0
A2,CUZ03135,0.0
B1,CUZ03136,28.0
C1,CUZ03137,0.0
A1,CUZ03138,30.0
B3,CUZ03139,0.0
C3,CUZ03140,0.0
C3,CUZ03141,0.0
A3,CUZ03142,48.0
A1,CUZ03143,0.0
C1,CUZ03144,0.0
A2,CUZ03145,0.0
A2,CUZ03146,0.0
B3,CUZ03147,0.0
A3,CUZ03148,0.0
B1,CUZ03149,0.0
A1,CUZ03150,0.0
B2,CUZ03151,0.0
C1,CUZ03152,0.0
A3,CUZ03153,0.0
C3,CUZ03154,0.0
A2,CUZ03155,0.0
C2,CUZ03156,0.0
A3,CUZ03157,0.0
B1,CUZ03158,0.0
B1,CUZ03159,0.0
B3,CUZ03160,0.0
A2,CUZ03161,4.0
C2,CUZ03162,0.0
B1,CUZ03163,0.0
A1,CUZ03164,0.0
A2,CUZ03165,0.0
A1,CUZ03166,0.0
B1,CUZ03167,0.0
B2,CUZ03168,0.0
C2,CUZ03169,37.0
A3,CUZ03170,0.0
A2,CUZ03171,0.0
B1,CUZ03172,0.0
C2,CUZ03173,0.0
A1,CUZ03174,0.0
A1,CUZ03175,0.0
A2,CUZ03176,0.0
A1,CUZ03177,0.0
C2,CUZ03178,0.0
A1,CUZ03179,0.0
A3,CUZ03180,0.0
C1,CUZ03181,35.0
B2,CUZ03182,0.0
A3,CUZ03183,0.0
B2,CUZ03184,0.0
A1,CUZ03185,0.0
A3,CUZ03186,0.0
C1,CUZ03187,0.0
C1,CUZ03188,0.0
A2,CUZ03189,0.0
B2,CUZ03190,0.0
A2,CUZ03191,0.0
C1,CUZ03192,0.0
C2,CUZ03193,0.0
A1,CUZ03194,0.0
C3,CUZ03195,0.0
B1,CUZ03196,41.0
A2,CUZ03197,0.0
A1,CUZ03198,0.0
A1,CUZ03199,0.0
B1,CUZ03200,44.0
C3,CUZ03201,0.0
A3,CUZ03202,0.0
C2,CUZ03203,0.0
C1,CUZ03204,0.0
B1,CUZ03205,0.0
A1,CUZ03206,0.0
A2,CUZ03207,0.0
A2,CUZ03208,0.0
A2,CUZ03209,0.0
C1,CUZ03210,0.0
A2,CUZ03211,53.0
C1,CUZ03212,0.0
B1,CUZ03213,0.0
B3,CUZ03214,0.0
A3,CUZ03215,0.0
A1,CUZ03216,0.0
B1,CUZ03217,0.0
C1,CUZ03218,0.0
A2,CUZ03219,43.0
A1,CUZ03220,35.0
B2,CUZ03221,0.0
A1,CUZ03222,27.0
C1,CUZ03223,0.0
A1,CUZ03224,0.0
A1,CUZ03225,45.0
A2,CUZ03226,0.0
A3,CUZ03227,0.0
A1,CUZ03228,0.0
B1,CUZ03229,0.0
A1,CUZ03230,46.0
A1,CUZ03231,0.0
B1,CUZ03232,0.0
A1,CUZ03233,0.0
C2,CUZ03234,0.0
C2,CUZ03235,0.0
A3,CUZ03236,53.0
B3,CUZ03237,0.0
A2,CUZ03238,0.0
A1,CUZ03239,35.0
A2,CUZ03240,0.0
A1,CUZ03241,0.0
C1,CUZ03242,41.0
A1,CUZ03243,0.0
C1,CUZ03244,0.0
B1,CUZ03245,0.0
B1,CUZ03246,0.0
B1,CUZ03247,0.0
A1,CUZ03248,43.0
B3,CUZ03249,0.0
B3,CUZ03250,0.0
A1,CUZ03251,0.0
A1,CUZ03252,0.0
B3,CUZ03253,0.0
A2,CUZ03254,0.0
B3,CUZ03255,0.0
A3,CUZ03256,0.0
B2,CUZ03257,0.0
A1,CUZ03258,0.0
B3,CUZ03259,0.0
B1,CUZ03260,0.0
C1,CUZ03261,0.0
A2,CUZ03262,0.0
A2,CUZ03263,0.0
C2,CUZ03264,0.0
B3,CUZ03265,0.0
C1,CUZ03266,0.0
A1,CUZ03267,0.0
B3,CUZ03268,0.0
A3,CUZ03269,0.0
C1,CUZ03270,0.0
A1,CUZ03271,0.0
C1,CUZ03272,0.0
C1,CUZ03273,0.0
B1,CUZ03274,0.0
A2,CUZ03275,0.0
C2,CUZ03276,0.0
A1,CUZ03277,0.0
B2,CUZ03278,0.0
A3,CUZ03279,0.0
C1,CUZ03280,0.0
A2,CUZ03281,0.0
B2,CUZ03282,0.0
A1,CUZ03283,0.0
C1,CUZ03284,0.0
A3,CUZ03285,0.0
C2,CUZ03286,0.0
B3,CUZ03287,0.0
B1,CUZ03288,0.0
A3,CUZ03289,0.0
A1,CUZ03290,0.0
A1,CUZ03291,0.0
B2,CUZ03292,0.0
B1,CUZ03293,0.0
C2,CUZ03294,0.0
A3,CUZ03295,0.0
B2,CUZ03296,0.0
A1,CUZ03297,0.0
A2,CUZ03298,0.0
A1,CUZ03299,0.0
A2,CUZ03300,0.0
C3,CUZ03301,0.0
A1,CUZ03302,0.0
C1,CUZ03303,0.0
C1,CUZ03304,0.0
A2,CUZ03305,0.0
A3,CUZ03306,0.0
C1,CUZ03307,0.0
A1,CUZ03308,41.0
A1,CUZ03309,0.0
A3,CUZ03310,0.0
A2,CUZ03311,0.0
B2,CUZ03312,0.0
A3,CUZ03313,0.0
A1,CUZ03314,0.0
C1,CUZ03315,0.0
B3,CUZ03316,0.0
A2,CUZ03317,0.0
C3,CUZ03318,0.0
A2,CUZ03319,0.0
A3,CUZ03320,0.0
B1,CUZ03321,0.0
A1,CUZ03322,0.0
B3,CUZ03323,0.0
B2,CUZ03324,0.0
B3,CUZ03325,0.0
C1,CUZ03326,0.0
C2,CUZ03327,0.0
A1,CUZ03328,24.0
C2,CUZ03329,0.0
C3,CUZ03330,0.0
B1,CUZ03331,36.0
A3,CUZ03332,0.0
A2,CUZ03333,0.0
C1,CUZ03334,0.0
B3,CUZ03335,0.0
A2,CUZ03336,0.0
A1,CUZ03337,26.0
B1,CUZ03338,0.0
A3,CUZ03339,0.0
A1,CUZ03340,18.0
B1,CUZ03341,0.0
A1,CUZ03342,0.0
B1,CUZ03343,0.0
A3,CUZ03344,0.0
B2,CUZ03345,0.0
B3,CUZ03346,0.0
B2,CUZ03347,0.0
A2,CUZ03348,0.0
A2,CUZ03349,0.0
A3,CUZ03350,0.0
A2,CUZ03351,0.0
C1,CUZ03352,0.0
A1,CUZ03353,0.0
A1,CUZ03354,0.0
B3,CUZ03355,0.0
A3,CUZ03356,0.0
B2,CUZ03357,0.0
B1,CUZ03358,0.0
C1,CUZ03359,0.0
A1,CUZ03360,0.0
A2,CUZ03361,0.0
B2,CUZ03362,0.0
B1,CUZ03363,0.0
B1,CUZ03364,0.0
A2,CUZ03365,0.0
B3,CUZ03366,0.0
B2,CUZ03367,0.0
A2,CUZ03368,0.0
A3,CUZ03369,0.0
A1,CUZ03370,0.0
A1,CUZ03371,24.0
B3,CUZ03372,0.0
C1,CUZ03373,0.0
A1,CUZ03374,0.0
A2,CUZ03375,0.0
C1,CUZ03376,0.0
C2,CUZ03377,0.0
C1,CUZ03378,0.0
B1,CUZ03379,0.0
A1,CUZ03380,17.0
C2,CUZ03381,0.0
A1,CUZ03382,0.0
A1,CUZ03383,0.0
A3,CUZ03384,0.0
C1,CUZ03385,0.0
B1,CUZ03386,0.0
C2,CUZ03387,0.0
A3,CUZ03388,0.0
A2,CUZ03389,0.0
C1,CUZ03390,0.0
B2,CUZ03391,0.0
A2,CUZ03392,0.0
B3,CUZ03393,0.0
A1,CUZ03394,21.0
B3,CUZ03395,0.0
C3,CUZ03396,0.0
B1,CUZ03397,0.0
B3,CUZ03398,32.0
A1,CUZ03399,0.0
A1,CUZ03400,0.0
C1,CUZ03401,0.0
A1,CUZ03402,0.0
A1,CUZ03403,0.0
B3,CUZ03404,0.0
A3,CUZ03405,0.0
B3,CUZ03406,0.0
C1,CUZ03407,0.0
C2,CUZ03408,0.0
B1,CUZ03409,0.0
B2,CUZ03410,0.0
C2,CUZ03411,0.0
A2,CUZ03412,0.0
C2,CUZ03413,0.0
B1,CUZ03414,0.0
A1,CUZ03415,17.0
B1,CUZ03416,0.0
B3,CUZ03417,17.0
A3,CUZ03418,41.0
B3,CUZ03419,0.0
A1,CUZ03420,0.0
A3,CUZ03421,0.0
A3,CUZ03422,0.0
A2,CUZ03423,0.0
A1,CUZ03424,0.0
B3,CUZ03425,0.0
A1,CUZ03426,27.0
A2,CUZ03427,0.0
B3,CUZ03428,0.0
A3,CUZ03429,41.0
A1,CUZ03430,0.0
B2,CUZ03431,0.0
A1,CUZ03432,23.0
B3,CUZ03433,0.0
A2,CUZ03434,0.0
A2,CUZ03435,0.0
C3,CUZ03436,0.0
B2,CUZ03437,0.0
A1,CUZ03438,17.0
A3,CUZ03439,0.0
B2,CUZ03440,0.0
C1,CUZ03441,0.0
A1,CUZ03442,0.0
B1,CUZ03443,0.0
A1,CUZ03444,0.0
B1,CUZ03445,0.0
A3,CUZ03446,0.0
C3,CUZ03447,0.0
B1,CUZ03448,0.0
A2,CUZ03449,0.0
B1,CUZ03450,0.0
C1,CUZ03451,0.0
A2,CUZ03452,0.0
A1,CUZ03453,13.0
A2,CUZ03454,0.0
C3,CUZ03455,0.0
C1,CUZ03456,0.0
B2,CUZ03457,0.0
A1,CUZ03458,0.0
B2,CUZ03459,0.0
C1,CUZ03460,0.0
C2,CUZ03461,0.0
A3,CUZ03462,0.0
A2,CUZ03463,0.0
A3,CUZ03464,0.0
A1,CUZ03465,0.0
C3,CUZ03466,0.0
C1,CUZ03467,18.0
B1,CUZ03468,10.0
A3,CUZ03469,0.0
B2,CUZ03470,0.0
C1,CUZ03471,0.0
C2,CUZ03472,0.0
A1,CUZ03473,38.0
C2,CUZ03474,0.0
B2,CUZ03475,0.0
C3,CUZ03476,0.0
B1,CUZ03477,0.0
C2,CUZ03478,0.0
C1,CUZ03479,0.0
B1,CUZ03480,0.0
A1,CUZ03481,0.0
B3,CUZ03482,0.0
A1,CUZ03483,0.0
B2,CUZ03484,0.0
B3,CUZ03485,0.0
A1,CUZ03486,0.0
B2,CUZ03487,0.0
C2,CUZ03488,0.0
A1,CUZ03489,0.0
C2,CUZ03490,0.0
A2,CUZ03491,0.0
C1,CUZ03492,0.0
A1,CUZ03493,0.0
B1,CUZ03494,0.0
B1,CUZ03495,0.0
B1,CUZ03496,0.0
C2,CUZ03497,0.0
B2,CUZ03498,0.0
B3,CUZ03499,0.0
A3,CUZ03500,0.0
C1,CUZ03501,0.0
A1,CUZ03502,26.0
A1,CUZ03503,10.0
C2,CUZ03504,0.0
A1,CUZ03505,0.0
A2,CUZ03506,0.0
B1,CUZ03507,0.0
A2,CUZ03508,0.0
A1,CUZ03509,0.0
A2,CUZ03510,0.0
C1,CUZ03511,0.0
B2,CUZ03512,0.0
C1,CUZ03513,0.0
C2,CUZ03514,0.0
A3,CUZ03515,0.0
A2,CUZ03516,0.0
A2,CUZ03517,0.0
C1,CUZ03518,0.0
A1,CUZ03519,0.0
A2,CUZ03520,9.0
B1,CUZ03521,0.0
B2,CUZ03522,0.0
B2,CUZ03523,0.0
A1,CUZ03524,0.0
A3,CUZ03525,0.0
A3,CUZ03526,0.0
A3,CUZ03527,0.0
C1,CUZ03528,0.0
A1,CUZ03529,0.0
A3,CUZ03530,0.0
A2,CUZ03531,0.0
B2,CUZ03532,0.0
C2,CUZ03533,0.0
B1,CUZ03534,26.0
B1,CUZ03535,0.0
A2,CUZ03536,16.0
B1,CUZ03537,0.0
A1,CUZ03538,0.0
A3,CUZ03539,0.0
A2,CUZ03540,0.0
C2,CUZ03541,0.0
C2,CUZ03542,0.0
A3,CUZ03543,0.0
C1,CUZ03544,0.0
C1,CUZ03545,4.0
C1,CUZ03546,0.0
A2,CUZ03547,33.0
A2,CUZ03548,0.0
A1,CUZ03549,0.0
A2,CUZ03550,0.0
C2,CUZ03551,0.0
A1,CUZ03552,0.0
A2,CUZ03553,0.0
A3,CUZ03554,0.0
A2,CUZ03555,0.0
B3,CUZ03556,0.0
C1,CUZ03557,20.0
C2,CUZ03558,0.0
C1,CUZ03559,0.0
C3,CUZ03560,0.0
B3,CUZ03561,0.0
B1,CUZ03562,0.0
C1,CUZ03563,0.0
C2,CUZ03564,0.0
B3,CUZ03565,0.0
B2,CUZ03566,0.0
B1,CUZ03567,0.0
C1,CUZ03568,0.0
A2,CUZ03569,0.0
C1,CUZ03570,0.0
A2,CUZ03571,0.0
A2,CUZ03572,0.0
B1,CUZ03573,0.0
A2,CUZ03574,0.0
B3,CUZ03575,0.0
A1,CUZ03576,0.0
A2,CUZ03577,0.0
A2,CUZ03578,0.0
C2,CUZ03579,0.0
A1,CUZ03580,0.0
A3,CUZ03581,0.0
B3,CUZ03582,0.0
C1,CUZ03583,0.0
A3,CUZ03584,0.0
A3,CUZ03585,0.0
C1,CUZ03586,0.0
A2,CUZ03587,0.0
B1,CUZ03588,0.0
C2,CUZ03589,0.0
A2,CUZ03590,0.0
A2,CUZ03591,0.0
A2,CUZ03592,0.0
B3,CUZ03593,0.0
A1,CUZ03594,0.0
A2,CUZ03595,0.0
B2,CUZ03596,0.0
B1,CUZ03597,0.0
A2,CUZ03598,0.0
C2,CUZ03599,0.0
B2,CUZ03600,0.0
A3,CUZ03601,0.0
C1,CUZ03602,0.0
B2,CUZ03603,0.0
A3,CUZ03604,0.0
A2,CUZ03605,0.0
C1,CUZ03606,0.0
A2,CUZ03607,0.0
C2,CUZ03608,0.0
A1,CUZ03609,0.0
A1,CUZ03610,0.0
C2,CUZ03611,0.0
A1,CUZ03612,0.0
B1,CUZ03613,0.0
C1,CUZ03614,0.0
B1,CUZ03615,0.0
B1,CUZ03616,0.0
C2,CUZ03617,0.0
B1,CUZ03618,0.0
A2,CUZ03619,0.0
C1,CUZ03620,0.0
A3,CUZ03621,0.0
C1,CUZ03622,0.0
B2,CUZ03623,0.0
C1,CUZ03624,0.0
A3,CUZ03625,0.0
B1,CUZ03626,0.0
B3,CUZ03627,0.0
C1,CUZ03628,0.0
A2,CUZ03629,0.0
A1,CUZ03630,0.0
C1,CUZ03631,0.0
A2,CUZ03632,0.0
A1,CUZ03633,0.0
B2,CUZ03634,0.0
C2,CUZ03635,0.0
A2,CUZ03636,0.0
C3,CUZ03637,0.0
A3,CUZ03638,0.0
C1,CUZ03639,0.0
A1,CUZ03640,0.0
C1,CUZ03641,0.0
C2,CUZ03642,0.0
C2,CUZ03643,0.0
A3,CUZ03644,0.0
C1,CUZ03645,0.0
C1,CUZ03646,0.0
A2,CUZ03647,0.0
B2,CUZ03648,0.0
A1,CUZ03649,0.0
A2,CUZ03650,0.0
A2,CUZ03651,0.0
C1,CUZ03652,0.0
B3,CUZ03653,0.0
B1,CUZ03654,0.0
A1,CUZ03655,0.0
B2,CUZ03656,0.0
B3,CUZ03657,0.0
B3,CUZ03658,0.0
A2,CUZ03659,0.0
C1,CUZ03660,0.0
A3,CUZ03661,0.0
A1,CUZ03662,0.0
C1,CUZ03663,0.0
B3,CUZ03664,0.0
C1,CUZ03665,0.0
C3,CUZ03666,0.0
C2,CUZ03667,0.0
B3,CUZ03668,0.0
B3,CUZ03669,0.0
A3,CUZ03670,0.0
A2,CUZ03671,0.0
A3,CUZ03672,0.0
B1,CUZ03673,0.0
C1,CUZ03674,0.0
B2,CUZ03675,0.0
B1,CUZ03676,0.0
A2,CUZ03677,0.0
A3,CUZ03678,0.0
A3,CUZ03679,0.0
A2,CUZ03680,0.0
C2,CUZ03681,0.0
B1,CUZ03682,0.0
C2,CUZ03683,0.0
A1,CUZ03684,0.0
A1,CUZ03685,0.0
B3,CUZ03686,0.0
C1,CUZ03687,0.0
A2,CUZ03688,0.0
B2,CUZ03689,0.0
A2,CUZ03690,0.0
C3,CUZ03691,0.0
C2,CUZ03692,0.0
A1,CUZ03693,0.0
A1,CUZ03694,0.0
B2,CUZ03695,0.0
A2,CUZ03696,0.0
A3,CUZ03697,0.0
A3,CUZ03698,0.0
C1,CUZ03699,0.0
A3,CUZ03700,0.0
C1,CUZ03701,0.0
B1,CUZ03702,0.0
A2,CUZ03703,0.0
A3,CUZ03704,0.0
A1,CUZ03705,0.0
C1,CUZ03706,0.0
C1,CUZ03707,0.0
B1,CUZ03708,0.0
C1,CUZ03709,0.0
C2,CUZ03710,0.0
C2,CUZ03711,0.0
C2,CUZ03712,0.0
A1,CUZ03713,0.0
A1,CUZ03714,0.0
B3,CUZ03715,0.0
C2,CUZ03716,0.0
B1,CUZ03717,0.0
A2,CUZ03718,0.0
A1,CUZ03719,0.0
A3,CUZ03720,0.0
B1,CUZ03721,0.0
A3,CUZ03722,0.0
B2,CUZ03723,0.0
B1,CUZ03724,0.0
C2,CUZ03725,0.0
A3,CUZ03726,0.0
C2,CUZ03727,0.0
C2,CUZ03728,0.0
B3,CUZ03729,0.0
A2,CUZ03730,0.0
B1,CUZ03731,0.0
C3,CUZ03732,0.0
B3,CUZ03733,0.0
A3,CUZ03734,0.0
B2,CUZ03735,0.0
B2,CUZ03736,0.0
C3,CUZ03737,0.0
C1,CUZ03738,0.0
B2,CUZ03739,0.0
C2,CUZ03740,0.0
A2,CUZ03741,0.0
C2,CUZ03742,0.0
C1,CUZ03743,0.0
C1,CUZ03744,0.0
B2,CUZ03745,0.0
C1,CUZ03746,0.0
A3,CUZ03747,0.0
A1,CUZ03748,0.0
A1,CUZ03749,0.0
A2,CUZ03750,0.0
B1,CUZ03751,0.0
C1,CUZ03752,0.0
C2,CUZ03753,0.0
A2,CUZ03754,0.0
A3,CUZ03755,0.0
B1,CUZ03756,0.0
C1,CUZ03757,0.0
A1,CUZ03758,0.0
B3,CUZ03759,0.0
C2,CUZ03760,0.0
C2,CUZ03761,0.0
A1,CUZ03762,0.0
B3,CUZ03763,0.0
C3,CUZ03764,0.0
C3,CUZ03765,0.0
A2,CUZ03766,0.0
B1,CUZ03767,0.0
C3,CUZ03768,0.0
C1,CUZ03769,0.0
B1,CUZ03770,0.0
A1,CUZ03771,0.0
A2,CUZ03772,0.0
A1,CUZ03773,0.0
C3,CUZ03774,0.0
B1,CUZ03775,0.0
B1,CUZ03776,0.0
B1,CUZ03777,0.0
C2,CUZ03778,0.0
B1,CUZ03779,0.0
A1,CUZ03780,0.0
A3,CUZ03781,0.0
C1,CUZ03782,0.0
A1,CUZ03783,0.0
C3,CUZ03784,0.0
B1,CUZ03785,0.0
A3,CUZ03786,0.0
B1,CUZ03787,0.0
B3,CUZ03788,0.0
A1,CUZ03789,0.0
C1,CUZ03790,0.0
A2,CUZ03791,0.0
C1,CUZ03792,0.0
B2,CUZ03793,0.0
A1,CUZ03794,0.0
B1,CUZ03795,0.0
C3,CUZ03796,0.0
A2,CUZ03797,0.0
C2,CUZ03798,0.0
C1,CUZ03799,0.0
A2,CUZ03800,0.0
A2,CUZ03801,0.0
A3,CUZ03802,0.0
A3,CUZ03803,0.0
A1,CUZ03804,0.0
A2,CUZ03805,0.0
C3,CUZ03806,0.0
B2,CUZ03807,0.0
C3,CUZ03808,0.0
B1,CUZ03809,0.0
A3,CUZ03810,0.0
C2,CUZ03811,0.0
A2,CUZ03812,0.0
B1,CUZ03813,0.0
A1,CUZ03814,0.0
B3,CUZ03815,0.0
C3,CUZ03816,0.0
A2,CUZ03817,0.0
B2,CUZ03818,0.0
A3,CUZ03819,0.0
B1,CUZ03820,0.0
A2,CUZ03821,0.0
C1,CUZ03822,0.0
A3,CUZ03823,0.0
C2,CUZ03824,0.0
A2,CUZ03825,0.0
C3,CUZ03826,0.0
A1,CUZ03827,0.0
B2,CUZ03828,0.0
C2,CUZ03829,0.0
A1,CUZ03830,0.0
A3,CUZ03831,0.0
A1,CUZ03832,0.0
A1,CUZ03833,0.0
C1,CUZ03834,0.0
C1,CUZ03835,0.0
A1,CUZ03836,0.0
B2,CUZ03837,0.0
A3,CUZ03838,0.0
B3,CUZ03839,0.0
B2,CUZ03840,0.0
C1,CUZ03841,0.0
A2,CUZ03842,0.0
A1,CUZ03843,0.0
C1,CUZ03844,0.0
C2,CUZ03845,0.0
A3,CUZ03846,0.0
C2,CUZ03847,0.0
A2,CUZ03848,0.0
C2,CUZ03849,0.0
B3,CUZ03850,0.0
A3,CUZ03851,0.0
B1,CUZ03852,0.0
A3,CUZ03853,0.0
C1,CUZ03854,0.0
A3,CUZ03855,0.0
B1,CUZ03856,0.0
A3,CUZ03857,0.0
A2,CUZ03858,0.0
B3,CUZ03859,0.0
A1,CUZ03860,0.0
B3,CUZ03861,0.0
C1,CUZ03862,0.0
C1,CUZ03863,0.0
C1,CUZ03864,0.0
A3,CUZ03865,0.0
A2,CUZ03866,0.0
B1,CUZ03867,0.0
B1,CUZ03868,0.0
B3,CUZ03869,0.0
B1,CUZ03870,0.0
B3,CUZ03871,0.0
C1,CUZ03872,0.0
A3,CUZ03873,0.0
B3,CUZ03874,0.0
C2,CUZ03875,0.0
B2,CUZ03876,0.0
A1,CUZ03877,0.0
A2,CUZ03878,0.0
B3,CUZ03879,0.0
B1,CUZ03880,0.0
B1,CUZ03881,0.0
A1,CUZ03882,0.0
A3,CUZ03883,0.0
A1,CUZ03884,0.0
C3,CUZ03885,0.0
B1,CUZ03886,0.0
B3,CUZ03887,0.0
C1,CUZ03888,0.0
C1,CUZ03889,0.0
A1,CUZ03890,0.0
A2,CUZ03891,0.0
C1,CUZ03892,0.0
A3,CUZ03893,0.0
B1,CUZ03894,0.0
B1,CUZ03895,0.0
B1,CUZ03896,0.0
B1,CUZ03897,0.0
A3,CUZ03898,0.0
B2,CUZ03899,0.0
C3,CUZ03900,0.0
A1,CUZ03901,0.0
A3,CUZ03902,0.0
C2,CUZ03903,0.0
B2,CUZ03904,0.0
C1,CUZ03905,0.0
C2,CUZ03906,0.0
B3,CUZ03907,0.0
B3,CUZ03908,0.0
A3,CUZ03909,0.0
B3,CUZ03910,0.0
A3,CUZ03911,0.0
B3,CUZ03912,0.0
A3,CUZ03913,0.0
A3,CUZ03914,0.0
A2,CUZ03915,0.0
C2,CUZ03916,0.0
C3,CUZ03917,0.0
A2,CUZ03918,0.0
A3,CUZ03919,0.0
B1,CUZ03920,0.0
A2,CUZ03921,0.0
A3,CUZ03922,0.0
C1,CUZ03923,0.0
C1,CUZ03924,0.0
A3,CUZ03925,0.0
A3,CUZ03926,0.0
A3,CUZ03927,0.0
B2,CUZ03928,0.0
C2,CUZ03929,0.0
B1,CUZ03930,0.0
A3,CUZ03931,0.0
A3,CUZ03932,0.0
C1,CUZ03933,0.0
B2,CUZ03934,0.0
A3,CUZ03935,0.0
A3,CUZ03936,0.0
C1,CUZ03937,0.0
A1,CUZ03938,0.0
A3,CUZ03939,0.0
A1,CUZ03940,0.0
A3,CUZ03941,0.0
B1,CUZ03942,0.0
