Mã PKKH,Mã khách hàng,Thành tiền
A1,CUZ00005,1795000
A1,CUZ00012,3905000
A1,CUZ00014,1195000
A1,CUZ00022,1260000
A1,CUZ00023,1350000
A1,CUZ00042,9135000
A1,CUZ00045,925000
A1,CUZ00065,9467000
A1,CUZ00072,1670000
A1,CUZ00081,755000
A1,CUZ00091,1070000
A1,CUZ00095,1895000
A1,CUZ00102,2324000
A1,CUZ00105,4813000
A1,CUZ00109,1075000
A1,CUZ00111,1565000
A1,CUZ00112,2380000
A1,CUZ00117,1440000
A1,CUZ00121,5405000
A1,CUZ00126,535000
A1,CUZ00127,1195000
A1,CUZ00129,1520000
A1,CUZ00140,1045000
A1,CUZ00144,1660000
A1,CUZ00145,2980000
A1,CUZ00167,4110000
A1,CUZ00169,815000
A1,CUZ00172,4395000
A1,CUZ00177,870000
A1,CUZ00179,3645000
A1,CUZ00188,995000
A1,CUZ00191,1515000
A1,CUZ00207,4080000
A1,CUZ00213,5784000
A1,CUZ00219,1245000
A1,CUZ00221,4095000
A1,CUZ00226,2180000
A1,CUZ00228,1205000
A1,CUZ00238,1165000
A1,CUZ00239,1040000
A1,CUZ00246,2035000
A1,CUZ00247,3055000
A1,CUZ00253,2999000
A1,CUZ00270,1185000
A1,CUZ00277,6960000
A1,CUZ00294,205000
A1,CUZ00295,495000
A1,CUZ00297,655000
A1,CUZ00309,1175000
A1,CUZ00315,1305000
A1,CUZ00323,705000
A1,CUZ00330,9400000
A1,CUZ00331,7624000
A1,CUZ00334,775000
A1,CUZ00338,470000
A1,CUZ00341,2370000
A1,CUZ00344,1730000
A1,CUZ00352,1065000
A1,CUZ00362,1405000
A1,CUZ00373,2865000
A1,CUZ00374,2525000
A1,CUZ00377,930000
A1,CUZ00382,1465000
A1,CUZ00387,880000
A1,CUZ00389,540000
A1,CUZ00391,415000
A1,CUZ00397,1040000
A1,CUZ00402,3215000
A1,CUZ00411,2390000
A1,CUZ00419,2555000
A1,CUZ00436,930000
A1,CUZ00439,755000
A1,CUZ00440,955000
A1,CUZ00448,755000
A1,CUZ00450,485000
A1,CUZ00452,5935000
A1,CUZ00464,625000
A1,CUZ00503,750000
A1,CUZ00505,7420000
A1,CUZ00518,2125000
A1,CUZ00520,4479000
A1,CUZ00527,740000
A1,CUZ00532,580000
A1,CUZ00533,5295000
A1,CUZ00540,715000
A1,CUZ00546,850000
A1,CUZ00547,2374000
A1,CUZ00548,1550000
A1,CUZ00549,4235000
A1,CUZ00551,550000
A1,CUZ00553,3175000
A1,CUZ00554,8889000
A1,CUZ00555,1815000
A1,CUZ00557,2084000
A1,CUZ00565,5100000
A1,CUZ00568,825000
A1,CUZ00569,945000
A1,CUZ00571,795000
A1,CUZ00572,710000
A1,CUZ00574,870000
A1,CUZ00576,1240000
A1,CUZ00578,1090000
A1,CUZ00584,520000
A1,CUZ00585,2930000
A1,CUZ00586,1955000
A1,CUZ00587,665000
A1,CUZ00588,1305000
A1,CUZ00591,985000
A1,CUZ00592,690000
A1,CUZ00594,1450000
A1,CUZ00599,4000000
A1,CUZ00600,630000
A1,CUZ00604,660000
A1,CUZ00609,4455000
A1,CUZ00611,1915000
A1,CUZ00612,1300000
A1,CUZ00618,3404000
A1,CUZ00619,685000
A1,CUZ00621,630000
A1,CUZ00622,4950000
A1,CUZ00623,6219000
A1,CUZ00627,1070000
A1,CUZ00637,1290000
A1,CUZ00638,4489000
A1,CUZ00643,1275000
A1,CUZ00644,920000
A1,CUZ00652,7200000
A1,CUZ00653,1855000
A1,CUZ00655,6170000
A1,CUZ00659,175000
A1,CUZ00661,475000
A1,CUZ00671,1634000
A1,CUZ00676,1945000
A1,CUZ00677,6919000
A1,CUZ00678,1065000
A1,CUZ00689,380000
A1,CUZ00691,4095000
A1,CUZ00692,1110000
A1,CUZ00695,790000
A1,CUZ00697,770000
A1,CUZ00698,2115000
A1,CUZ00699,1475000
A1,CUZ00700,4225000
A1,CUZ00702,1955000
A1,CUZ00704,2245000
A1,CUZ00706,5920000
A1,CUZ00707,2090000
A1,CUZ00709,2035000
A1,CUZ00711,8605000
A1,CUZ00713,2950000
A1,CUZ00719,4490000
A1,CUZ00720,1065000
A1,CUZ00723,3745000
A1,CUZ00724,995000
A1,CUZ00726,1765000
A1,CUZ00728,5699000
A1,CUZ00730,1145000
A1,CUZ00732,1929000
A1,CUZ00733,1314000
A1,CUZ00734,1450000
A1,CUZ00737,5570000
A1,CUZ00739,4274000
A1,CUZ00740,440000
A1,CUZ00742,6620000
A1,CUZ00743,5605000
A1,CUZ00746,1115000
A1,CUZ00748,5540000
A1,CUZ00752,3575000
A1,CUZ00753,520000
A1,CUZ00755,1925000
A1,CUZ00757,620000
A1,CUZ00763,1184000
A1,CUZ00773,4345000
A1,CUZ00776,1269000
A1,CUZ00784,6245000
A1,CUZ00791,875000
A1,CUZ00792,5805000
A1,CUZ00794,885000
A1,CUZ00799,4589000
A1,CUZ00800,2670000
A1,CUZ00804,7315000
A1,CUZ00807,3830000
A1,CUZ00809,5895000
A1,CUZ00813,4170000
A1,CUZ00817,2080000
A1,CUZ00821,675000
A1,CUZ00829,1035000
A1,CUZ00831,755000
A1,CUZ00832,2835000
A1,CUZ00835,925000
A1,CUZ00836,5535000
A1,CUZ00838,1010000
A1,CUZ00844,3150000
A1,CUZ00848,1295000
A1,CUZ00851,5433000
A1,CUZ00852,980000
A1,CUZ00856,805000
A1,CUZ00858,4634000
A1,CUZ00863,4870000
A1,CUZ00869,5085000
A1,CUZ00873,979000
A1,CUZ00875,1445000
A1,CUZ00881,5865000
A1,CUZ00882,1550000
A1,CUZ00887,570000
A1,CUZ00890,440000
A1,CUZ00895,1985000
A1,CUZ00896,730000
A1,CUZ00904,5950000
A1,CUZ00905,1230000
A1,CUZ00914,3505000
A1,CUZ00915,1470000
A1,CUZ00916,925000
A1,CUZ00920,4445000
A1,CUZ00921,1475000
A1,CUZ00924,965000
A1,CUZ00935,395000
A1,CUZ00936,800000
A1,CUZ00945,1055000
A1,CUZ00948,410000
A1,CUZ00957,1025000
A1,CUZ00959,855000
A1,CUZ00966,140000
A1,CUZ00967,4580000
A1,CUZ00968,1615000
A1,CUZ00972,3150000
A1,CUZ00973,1455000
A1,CUZ00975,6555000
A1,CUZ00976,3059000
A1,CUZ00983,1330000
A1,CUZ00984,620000
A1,CUZ00990,450000
A1,CUZ00992,4955000
A1,CUZ00993,6319000
A1,CUZ00994,3555000
A1,CUZ00996,1520000
A1,CUZ00997,655000
A1,CUZ00998,1169000
A1,CUZ01007,270000
A1,CUZ01010,1615000
A1,CUZ01018,830000
A1,CUZ01025,4040000
A1,CUZ01030,1195000
A1,CUZ01033,3715000
A1,CUZ01036,520000
A1,CUZ01037,1150000
A1,CUZ01038,185000
A1,CUZ01040,915000
A1,CUZ01041,1130000
A1,CUZ01043,6164000
A1,CUZ01044,2075000
A1,CUZ01045,710000
A1,CUZ01054,1000000
A1,CUZ01055,1395000
A1,CUZ01056,1130000
A1,CUZ01060,1325000
A1,CUZ01066,2445000
A1,CUZ01069,950000
A1,CUZ01075,2440000
A1,CUZ01081,6960000
A1,CUZ01089,950000
A1,CUZ01092,8059000
A1,CUZ01093,950000
A1,CUZ01096,1125000
A1,CUZ01097,665000
A1,CUZ01098,1380000
A1,CUZ01104,2669000
A1,CUZ01108,300000
A1,CUZ01110,6495000
A1,CUZ01114,1185000
A1,CUZ01117,1329000
A1,CUZ01120,7119000
A1,CUZ01131,600000
A1,CUZ01136,910000
A1,CUZ01139,790000
A1,CUZ01141,639000
A1,CUZ01146,2305000
A1,CUZ01149,2260000
A1,CUZ01154,4559000
A1,CUZ01155,435000
A1,CUZ01167,220000
A1,CUZ01174,2225000
A1,CUZ01175,735000
A1,CUZ01181,2730000
A1,CUZ01182,5160000
A1,CUZ01184,4280000
A1,CUZ01186,3740000
A1,CUZ01192,6435000
A1,CUZ01193,2455000
A1,CUZ01194,1155000
A1,CUZ01195,740000
A1,CUZ01197,2495000
A1,CUZ01198,5764000
A1,CUZ01208,1265000
A1,CUZ01209,3315000
A1,CUZ01211,90000
A1,CUZ01216,505000
A1,CUZ01217,150000
A1,CUZ01218,1030000
A1,CUZ01231,1680000
A1,CUZ01232,1610000
A1,CUZ01239,3715000
A1,CUZ01245,2829000
A1,CUZ01250,4805000
A1,CUZ01251,670000
A1,CUZ01253,3070000
A1,CUZ01264,1235000
A1,CUZ01269,970000
A1,CUZ01272,1325000
A1,CUZ01285,2389000
A1,CUZ01290,4080000
A1,CUZ01291,590000
A1,CUZ01298,2255000
A1,CUZ01304,50000
A1,CUZ01319,665000
A1,CUZ01323,4100000
A1,CUZ01325,705000
A1,CUZ01333,1275000
A1,CUZ01339,850000
A1,CUZ01342,1020000
A1,CUZ01344,3540000
A1,CUZ01345,1360000
A1,CUZ01348,1895000
A1,CUZ01354,1870000
A1,CUZ01357,720000
A1,CUZ01363,525000
A1,CUZ01366,450000
A1,CUZ01371,1040000
A1,CUZ01372,1040000
A1,CUZ01373,4324000
A1,CUZ01376,715000
A1,CUZ01381,4955000
A1,CUZ01395,1340000
A1,CUZ01403,885000
A1,CUZ01404,5990000
A1,CUZ01408,1614000
A1,CUZ01411,960000
A1,CUZ01415,3115000
A1,CUZ01416,3020000
A1,CUZ01419,1030000
A1,CUZ01421,975000
A1,CUZ01423,850000
A1,CUZ01425,6488000
A1,CUZ01426,705000
A1,CUZ01429,875000
A1,CUZ01430,3775000
A1,CUZ01433,3429000
A1,CUZ01434,2690000
A1,CUZ01446,610000
A1,CUZ01451,1050000
A1,CUZ01459,3555000
A1,CUZ01463,4195000
A1,CUZ01464,440000
A1,CUZ01465,2190000
A1,CUZ01478,575000
A1,CUZ01482,2495000
A1,CUZ01490,685000
A1,CUZ01492,515000
A1,CUZ01503,3195000
A1,CUZ01508,475000
A1,CUZ01527,735000
A1,CUZ01532,3654000
A1,CUZ01536,595000
A1,CUZ01548,920000
A1,CUZ01554,1050000
A1,CUZ01558,2765000
A1,CUZ01566,4994000
A1,CUZ01574,1520000
A1,CUZ01592,1470000
A1,CUZ01608,330000
A1,CUZ01614,6175000
A1,CUZ01618,5405000
A1,CUZ01621,1030000
A1,CUZ01632,725000
A1,CUZ01655,2215000
A1,CUZ01658,925000
A1,CUZ01681,695000
A1,CUZ01685,2720000
A1,CUZ01686,535000
A1,CUZ01687,1359000
A1,CUZ01701,3745000
A1,CUZ01708,4820000
A1,CUZ01711,750000
A1,CUZ01727,635000
A1,CUZ01728,4310000
A1,CUZ01735,850000
A1,CUZ01737,1585000
A1,CUZ01738,985000
A1,CUZ01740,1660000
A1,CUZ01742,630000
A1,CUZ01744,2125000
A1,CUZ01746,3300000
A1,CUZ01747,4094000
A1,CUZ01754,6500000
A1,CUZ01759,835000
A1,CUZ01767,345000
A1,CUZ01774,900000
A1,CUZ01779,350000
A1,CUZ01792,3245000
A1,CUZ01795,1720000
A1,CUZ01799,1070000
A1,CUZ01812,3195000
A1,CUZ01819,840000
A1,CUZ01821,945000
A1,CUZ01824,1055000
A1,CUZ01852,855000
A1,CUZ01854,620000
A1,CUZ01857,2290000
A1,CUZ01865,3815000
A1,CUZ01866,3410000
A1,CUZ01871,155000
A1,CUZ01873,840000
A1,CUZ01892,725000
A1,CUZ01900,5375000
A1,CUZ01903,270000
A1,CUZ01910,1170000
A1,CUZ01911,1890000
A1,CUZ01930,3090000
A1,CUZ01938,570000
A1,CUZ01940,3770000
A1,CUZ01943,770000
A1,CUZ01945,3270000
A1,CUZ01949,855000
A1,CUZ01955,3510000
A1,CUZ01967,4280000
A1,CUZ01974,4380000
A1,CUZ01975,960000
A1,CUZ01976,1695000
A1,CUZ01989,600000
A1,CUZ01990,3329000
A1,CUZ01996,850000
A1,CUZ01997,910000
A1,CUZ01998,645000
A1,CUZ02007,4930000
A1,CUZ02011,575000
A1,CUZ02012,585000
A1,CUZ02025,1550000
A1,CUZ02036,960000
A1,CUZ02044,5705000
A1,CUZ02049,5020000
A1,CUZ02057,525000
A1,CUZ02076,889000
A1,CUZ02080,1085000
A1,CUZ02089,1910000
A1,CUZ02091,4390000
A1,CUZ02092,4385000
A1,CUZ02093,900000
A1,CUZ02094,490000
A1,CUZ02095,945000
A1,CUZ02101,3465000
A1,CUZ02103,3030000
A1,CUZ02105,3634000
A1,CUZ02107,815000
A1,CUZ02109,1115000
A1,CUZ02110,3848000
A1,CUZ02114,935000
A1,CUZ02115,3515000
A1,CUZ02116,5453000
A1,CUZ02118,2319000
A1,CUZ02128,3310000
A1,CUZ02130,5064000
A1,CUZ02140,2120000
A1,CUZ02152,1915000
A1,CUZ02161,990000
A1,CUZ02168,925000
A1,CUZ02173,1570000
A1,CUZ02180,1715000
A1,CUZ02183,1140000
A1,CUZ02186,4885000
A1,CUZ02189,1575000
A1,CUZ02204,4700000
A1,CUZ02210,1405000
A1,CUZ02214,1660000
A1,CUZ02216,4835000
A1,CUZ02221,3025000
A1,CUZ02224,1065000
A1,CUZ02238,320000
A1,CUZ02254,3955000
A1,CUZ02255,5025000
A1,CUZ02259,260000
A1,CUZ02270,910000
A1,CUZ02275,830000
A1,CUZ02279,430000
A1,CUZ02281,3180000
A1,CUZ02293,1305000
A1,CUZ02295,1205000
A1,CUZ02310,915000
A1,CUZ02316,1170000
A1,CUZ02317,930000
A1,CUZ02321,2215000
A1,CUZ02322,2390000
A1,CUZ02326,2655000
A1,CUZ02332,255000
A1,CUZ02335,530000
A1,CUZ02339,585000
A1,CUZ02346,1880000
A1,CUZ02356,3645000
A1,CUZ02359,1065000
A1,CUZ02365,1620000
A1,CUZ02370,1050000
A1,CUZ02383,915000
A1,CUZ02384,425000
A1,CUZ02386,1840000
A1,CUZ02398,1185000
A1,CUZ02400,1265000
A1,CUZ02403,855000
A1,CUZ02407,1165000
A1,CUZ02411,1415000
A1,CUZ02413,1604000
A1,CUZ02425,2390000
A1,CUZ02426,1325000
A1,CUZ02427,880000
A1,CUZ02428,890000
A1,CUZ02430,600000
A1,CUZ02433,650000
A1,CUZ02434,2588000
A1,CUZ02436,1835000
A1,CUZ02438,3620000
A1,CUZ02445,4350000
A1,CUZ02449,1125000
A1,CUZ02450,2960000
A1,CUZ02454,3510000
A1,CUZ02472,875000
A1,CUZ02481,764000
A1,CUZ02484,3465000
A1,CUZ02490,965000
A1,CUZ02491,965000
A1,CUZ02492,1490000
A1,CUZ02500,1290000
A1,CUZ02502,5055000
A1,CUZ02511,755000
A1,CUZ02513,940000
A1,CUZ02521,2740000
A1,CUZ02528,530000
A1,CUZ02531,2000000
A1,CUZ02533,3114000
A1,CUZ02544,1375000
A1,CUZ02545,810000
A1,CUZ02546,2635000
A1,CUZ02547,1400000
A1,CUZ02550,1350000
A1,CUZ02551,1045000
A1,CUZ02553,635000
A1,CUZ02554,2195000
A1,CUZ02556,2590000
A1,CUZ02558,3069000
A1,CUZ02560,2450000
A1,CUZ02561,3000000
A1,CUZ02565,675000
A1,CUZ02568,4210000
A1,CUZ02574,2575000
A1,CUZ02580,4760000
A1,CUZ02590,2005000
A1,CUZ02596,1290000
A1,CUZ02597,5453000
A1,CUZ02600,4244000
A1,CUZ02602,3630000
A1,CUZ02603,1810000
A1,CUZ02613,1095000
A1,CUZ02622,620000
A1,CUZ02628,1815000
A1,CUZ02635,4153000
A1,CUZ02636,970000
A1,CUZ02652,755000
A1,CUZ02653,1325000
A1,CUZ02668,3165000
A1,CUZ02674,780000
A1,CUZ02676,4225000
A1,CUZ02686,1155000
A1,CUZ02691,1460000
A1,CUZ02693,855000
A1,CUZ02694,730000
A1,CUZ02695,890000
A1,CUZ02702,2440000
A1,CUZ02703,910000
A1,CUZ02706,1785000
A1,CUZ02711,975000
A1,CUZ02714,320000
A1,CUZ02717,2280000
A1,CUZ02719,1505000
A1,CUZ02722,1095000
A1,CUZ02733,2465000
A1,CUZ02739,3180000
A1,CUZ02741,4570000
A1,CUZ02748,1235000
A1,CUZ02755,1270000
A1,CUZ02757,1530000
A1,CUZ02760,1525000
A1,CUZ02761,330000
A1,CUZ02770,1415000
A1,CUZ02777,1710000
A1,CUZ02780,2085000
A1,CUZ02785,1285000
A1,CUZ02796,2410000
A1,CUZ02799,1405000
A1,CUZ02800,985000
A1,CUZ02809,855000
A1,CUZ02814,1875000
A1,CUZ02816,1060000
A1,CUZ02817,1455000
A1,CUZ02829,2535000
A1,CUZ02841,570000
A1,CUZ02845,510000
A1,CUZ02847,2450000
A1,CUZ02854,1060000
A1,CUZ02860,2180000
A1,CUZ02865,2250000
A1,CUZ02866,2825000
A1,CUZ02871,2784000
A1,CUZ02891,1104000
A1,CUZ02895,1239000
A1,CUZ02905,1430000
A1,CUZ02906,650000
A1,CUZ02918,945000
A1,CUZ02929,575000
A1,CUZ02935,585000
A1,CUZ02936,1459000
A1,CUZ02938,2475000
A1,CUZ02943,1394000
A1,CUZ02955,1130000
A1,CUZ02968,2875000
A1,CUZ02970,3200000
A1,CUZ02972,1035000
A1,CUZ02979,2360000
A1,CUZ02987,55000
A1,CUZ03000,680000
A1,CUZ03003,2850000
A1,CUZ03004,1205000
A1,CUZ03012,55000
A1,CUZ03015,1449000
A1,CUZ03017,1749000
A1,CUZ03029,1705000
A1,CUZ03036,4515000
A1,CUZ03038,1490000
A1,CUZ03039,1045000
A1,CUZ03045,1010000
A1,CUZ03046,1425000
A1,CUZ03048,955000
A1,CUZ03053,655000
A1,CUZ03061,1670000
A1,CUZ03064,1235000
A1,CUZ03070,1270000
A1,CUZ03076,2970000
A1,CUZ03078,565000
A1,CUZ03091,1015000
A1,CUZ03101,1275000
A1,CUZ03111,775000
A1,CUZ03113,800000
A1,CUZ03127,3925000
A1,CUZ03129,835000
A1,CUZ03138,3860000
A1,CUZ03143,35000
A1,CUZ03150,1245000
A1,CUZ03164,1030000
A1,CUZ03166,665000
A1,CUZ03174,1300000
A1,CUZ03175,1260000
A1,CUZ03177,1724000
A1,CUZ03179,1155000
A1,CUZ03185,1600000
A1,CUZ03194,1275000
A1,CUZ03198,600000
A1,CUZ03199,235000
A1,CUZ03206,979000
A1,CUZ03216,625000
A1,CUZ03220,2825000
A1,CUZ03222,2350000
A1,CUZ03224,1505000
A1,CUZ03225,2110000
A1,CUZ03228,575000
A1,CUZ03230,2025000
A1,CUZ03231,1385000
A1,CUZ03233,1045000
A1,CUZ03239,2640000
A1,CUZ03241,795000
A1,CUZ03243,615000
A1,CUZ03248,2850000
A1,CUZ03251,795000
A1,CUZ03252,1219000
A1,CUZ03258,555000
A1,CUZ03267,595000
A1,CUZ03271,1285000
A1,CUZ03277,465000
A1,CUZ03283,1315000
A1,CUZ03290,1540000
A1,CUZ03291,605000
A1,CUZ03297,1090000
A1,CUZ03299,1069000
A1,CUZ03302,1360000
A1,CUZ03308,2120000
A1,CUZ03309,925000
A1,CUZ03314,765000
A1,CUZ03322,1509000
A1,CUZ03328,2225000
A1,CUZ03337,2330000
A1,CUZ03340,1985000
A1,CUZ03342,960000
A1,CUZ03353,1175000
A1,CUZ03354,1155000
A1,CUZ03360,1440000
A1,CUZ03370,1035000
A1,CUZ03371,1755000
A1,CUZ03374,1140000
A1,CUZ03380,2150000
A1,CUZ03382,705000
A1,CUZ03383,1790000
A1,CUZ03394,2155000
A1,CUZ03399,675000
A1,CUZ03400,1165000
A1,CUZ03402,1220000
A1,CUZ03403,1505000
A1,CUZ03415,2140000
A1,CUZ03420,1255000
A1,CUZ03424,800000
A1,CUZ03426,2075000
A1,CUZ03430,1455000
A1,CUZ03432,2325000
A1,CUZ03438,1505000
A1,CUZ03442,965000
A1,CUZ03444,1520000
A1,CUZ03453,1185000
A1,CUZ03458,1310000
A1,CUZ03465,355000
A1,CUZ03473,2050000
A1,CUZ03481,1090000
A1,CUZ03483,730000
A1,CUZ03486,1180000
A1,CUZ03489,1335000
A1,CUZ03493,1820000
A1,CUZ03502,2565000
A1,CUZ03503,1530000
A1,CUZ03505,915000
A1,CUZ03509,1314000
A1,CUZ03519,690000
A1,CUZ03524,1170000
A1,CUZ03529,1550000
A1,CUZ03538,1300000
A1,CUZ03549,645000
A1,CUZ03552,1220000
A1,CUZ03576,840000
A1,CUZ03580,1605000
A1,CUZ03594,1405000
A1,CUZ03609,1065000
A1,CUZ03610,410000
A1,CUZ03612,1070000
A1,CUZ03630,1244000
A1,CUZ03633,1100000
A1,CUZ03640,1595000
A1,CUZ03649,1135000
A1,CUZ03655,1370000
A1,CUZ03662,2269000
A1,CUZ03684,1420000
A1,CUZ03685,630000
A1,CUZ03693,1295000
A1,CUZ03694,1505000
A1,CUZ03705,1595000
A1,CUZ03713,605000
A1,CUZ03714,945000
A1,CUZ03719,1565000
A1,CUZ03748,1665000
A1,CUZ03749,1350000
A1,CUZ03758,1530000
A1,CUZ03762,865000
A1,CUZ03771,570000
A1,CUZ03773,1045000
A1,CUZ03780,790000
A1,CUZ03783,1410000
A1,CUZ03789,650000
A1,CUZ03794,1070000
A1,CUZ03804,1040000
A1,CUZ03814,1445000
A1,CUZ03827,1275000
A1,CUZ03830,910000
A1,CUZ03832,990000
A1,CUZ03833,1310000
A1,CUZ03836,1719000
A1,CUZ03843,845000
A1,CUZ03860,1519000
A1,CUZ03877,1360000
A1,CUZ03882,755000
A1,CUZ03884,1695000
A1,CUZ03890,1785000
A1,CUZ03901,1210000
A1,CUZ03938,1385000
A1,CUZ03940,1825000
A2,CUZ00029,859000
A2,CUZ00035,2114000
A2,CUZ00043,895000
A2,CUZ00047,275000
A2,CUZ00070,1960000
A2,CUZ00076,1610000
A2,CUZ00079,1605000
A2,CUZ00096,1050000
A2,CUZ00099,1640000
A2,CUZ00103,810000
A2,CUZ00130,1314000
A2,CUZ00133,1055000
A2,CUZ00135,1140000
A2,CUZ00143,565000
A2,CUZ00148,785000
A2,CUZ00151,630000
A2,CUZ00159,990000
A2,CUZ00161,1415000
A2,CUZ00173,765000
A2,CUZ00176,320000
A2,CUZ00185,1739000
A2,CUZ00193,1415000
A2,CUZ00199,1169000
A2,CUZ00214,1185000
A2,CUZ00217,1223000
A2,CUZ00222,1260000
A2,CUZ00240,2538000
A2,CUZ00252,894000
A2,CUZ00254,935000
A2,CUZ00255,3519000
A2,CUZ00271,1035000
A2,CUZ00272,885000
A2,CUZ00280,850000
A2,CUZ00282,390000
A2,CUZ00289,1130000
A2,CUZ00290,1069000
A2,CUZ00319,1115000
A2,CUZ00320,700000
A2,CUZ00321,460000
A2,CUZ00326,994000
A2,CUZ00327,1025000
A2,CUZ00335,1194000
A2,CUZ00336,695000
A2,CUZ00349,1199000
A2,CUZ00350,450000
A2,CUZ00353,860000
A2,CUZ00360,680000
A2,CUZ00363,1060000
A2,CUZ00369,160000
A2,CUZ00379,1060000
A2,CUZ00380,660000
A2,CUZ00405,350000
A2,CUZ00421,1410000
A2,CUZ00435,745000
A2,CUZ00443,989000
A2,CUZ00455,225000
A2,CUZ00463,850000
A2,CUZ00467,870000
A2,CUZ00474,2724000
A2,CUZ00476,1208000
A2,CUZ00482,805000
A2,CUZ00495,620000
A2,CUZ00498,824000
A2,CUZ00522,715000
A2,CUZ00529,675000
A2,CUZ00536,720000
A2,CUZ00537,800000
A2,CUZ00558,3179000
A2,CUZ00560,750000
A2,CUZ00564,534000
A2,CUZ00567,795000
A2,CUZ00570,2860000
A2,CUZ00582,700000
A2,CUZ00595,2194000
A2,CUZ00597,140000
A2,CUZ00603,1299000
A2,CUZ00605,450000
A2,CUZ00606,530000
A2,CUZ00616,620000
A2,CUZ00620,719000
A2,CUZ00631,620000
A2,CUZ00651,385000
A2,CUZ00654,845000
A2,CUZ00663,765000
A2,CUZ00674,2327000
A2,CUZ00703,630000
A2,CUZ00731,590000
A2,CUZ00759,605000
A2,CUZ00760,4059000
A2,CUZ00761,1190000
A2,CUZ00771,449000
A2,CUZ00786,330000
A2,CUZ00793,1939000
A2,CUZ00798,485000
A2,CUZ00803,475000
A2,CUZ00811,495000
A2,CUZ00815,670000
A2,CUZ00818,809000
A2,CUZ00822,1420000
A2,CUZ00827,730000
A2,CUZ00834,1460000
A2,CUZ00837,595000
A2,CUZ00840,775000
A2,CUZ00854,1098000
A2,CUZ00862,904000
A2,CUZ00871,730000
A2,CUZ00880,1760000
A2,CUZ00889,660000
A2,CUZ00903,440000
A2,CUZ00927,480000
A2,CUZ00941,2180000
A2,CUZ00952,545000
A2,CUZ00953,430000
A2,CUZ00969,1739000
A2,CUZ00986,1324000
A2,CUZ00988,994000
A2,CUZ01000,530000
A2,CUZ01001,570000
A2,CUZ01002,930000
A2,CUZ01004,355000
A2,CUZ01012,905000
A2,CUZ01022,1360000
A2,CUZ01039,1138000
A2,CUZ01058,560000
A2,CUZ01078,650000
A2,CUZ01080,330000
A2,CUZ01082,804000
A2,CUZ01086,435000
A2,CUZ01090,515000
A2,CUZ01118,860000
A2,CUZ01127,805000
A2,CUZ01140,850000
A2,CUZ01150,620000
A2,CUZ01151,874000
A2,CUZ01152,325000
A2,CUZ01158,1000000
A2,CUZ01162,730000
A2,CUZ01164,325000
A2,CUZ01179,1500000
A2,CUZ01185,625000
A2,CUZ01187,475000
A2,CUZ01189,705000
A2,CUZ01191,970000
A2,CUZ01196,670000
A2,CUZ01219,405000
A2,CUZ01223,809000
A2,CUZ01225,205000
A2,CUZ01228,485000
A2,CUZ01233,380000
A2,CUZ01246,2240000
A2,CUZ01255,540000
A2,CUZ01258,500000
A2,CUZ01273,1354000
A2,CUZ01275,1449000
A2,CUZ01276,695000
A2,CUZ01280,1490000
A2,CUZ01281,675000
A2,CUZ01288,430000
A2,CUZ01297,1615000
A2,CUZ01299,600000
A2,CUZ01300,1539000
A2,CUZ01301,2035000
A2,CUZ01302,535000
A2,CUZ01307,799000
A2,CUZ01312,864000
A2,CUZ01315,545000
A2,CUZ01322,2864000
A2,CUZ01334,850000
A2,CUZ01337,1954000
A2,CUZ01353,675000
A2,CUZ01360,535000
A2,CUZ01365,520000
A2,CUZ01378,1308000
A2,CUZ01382,475000
A2,CUZ01390,1220000
A2,CUZ01405,1129000
A2,CUZ01410,465000
A2,CUZ01417,1068000
A2,CUZ01422,875000
A2,CUZ01435,1505000
A2,CUZ01441,3314000
A2,CUZ01450,335000
A2,CUZ01454,680000
A2,CUZ01481,550000
A2,CUZ01504,450000
A2,CUZ01512,1719000
A2,CUZ01517,2300000
A2,CUZ01518,1220000
A2,CUZ01521,1799000
A2,CUZ01524,780000
A2,CUZ01526,935000
A2,CUZ01531,380000
A2,CUZ01534,275000
A2,CUZ01537,425000
A2,CUZ01541,870000
A2,CUZ01555,660000
A2,CUZ01580,1589000
A2,CUZ01586,520000
A2,CUZ01587,300000
A2,CUZ01591,1759000
A2,CUZ01593,1964000
A2,CUZ01613,815000
A2,CUZ01624,670000
A2,CUZ01628,2324000
A2,CUZ01629,909000
A2,CUZ01630,649000
A2,CUZ01641,959000
A2,CUZ01644,865000
A2,CUZ01647,650000
A2,CUZ01648,685000
A2,CUZ01649,734000
A2,CUZ01650,870000
A2,CUZ01653,735000
A2,CUZ01661,480000
A2,CUZ01665,699000
A2,CUZ01667,540000
A2,CUZ01669,2365000
A2,CUZ01670,824000
A2,CUZ01677,679000
A2,CUZ01679,520000
A2,CUZ01683,1160000
A2,CUZ01696,590000
A2,CUZ01698,360000
A2,CUZ01712,755000
A2,CUZ01713,540000
A2,CUZ01716,265000
A2,CUZ01720,2063000
A2,CUZ01721,505000
A2,CUZ01723,2784000
A2,CUZ01724,330000
A2,CUZ01725,1209000
A2,CUZ01731,759000
A2,CUZ01761,385000
A2,CUZ01765,1085000
A2,CUZ01770,999000
A2,CUZ01771,590000
A2,CUZ01805,565000
A2,CUZ01810,825000
A2,CUZ01814,415000
A2,CUZ01817,650000
A2,CUZ01833,2924000
A2,CUZ01835,480000
A2,CUZ01838,1069000
A2,CUZ01848,2099000
A2,CUZ01877,2949000
A2,CUZ01904,545000
A2,CUZ01906,645000
A2,CUZ01907,620000
A2,CUZ01920,780000
A2,CUZ01932,1275000
A2,CUZ01970,3535000
A2,CUZ02020,1535000
A2,CUZ02026,1104000
A2,CUZ02027,95000
A2,CUZ02038,465000
A2,CUZ02051,490000
A2,CUZ02052,500000
A2,CUZ02066,400000
A2,CUZ02070,465000
A2,CUZ02082,455000
A2,CUZ02084,695000
A2,CUZ02087,700000
A2,CUZ02111,625000
A2,CUZ02119,784000
A2,CUZ02141,580000
A2,CUZ02145,720000
A2,CUZ02146,770000
A2,CUZ02147,790000
A2,CUZ02162,690000
A2,CUZ02163,510000
A2,CUZ02170,595000
A2,CUZ02185,395000
A2,CUZ02188,715000
A2,CUZ02218,3217000
A2,CUZ02223,1149000
A2,CUZ02225,970000
A2,CUZ02229,645000
A2,CUZ02256,719000
A2,CUZ02257,310000
A2,CUZ02261,890000
A2,CUZ02265,935000
A2,CUZ02271,365000
A2,CUZ02274,634000
A2,CUZ02276,995000
A2,CUZ02280,1130000
A2,CUZ02284,635000
A2,CUZ02294,235000
A2,CUZ02297,360000
A2,CUZ02309,969000
A2,CUZ02328,1094000
A2,CUZ02329,590000
A2,CUZ02340,420000
A2,CUZ02341,1274000
A2,CUZ02349,1275000
A2,CUZ02352,655000
A2,CUZ02355,1130000
A2,CUZ02357,595000
A2,CUZ02361,310000
A2,CUZ02362,510000
A2,CUZ02364,1935000
A2,CUZ02367,340000
A2,CUZ02375,695000
A2,CUZ02409,1485000
A2,CUZ02419,515000
A2,CUZ02423,659000
A2,CUZ02429,1125000
A2,CUZ02431,755000
A2,CUZ02444,825000
A2,CUZ02453,575000
A2,CUZ02457,830000
A2,CUZ02458,1875000
A2,CUZ02464,1770000
A2,CUZ02467,965000
A2,CUZ02469,1299000
A2,CUZ02471,1220000
A2,CUZ02474,790000
A2,CUZ02489,1345000
A2,CUZ02495,894000
A2,CUZ02496,1304000
A2,CUZ02506,470000
A2,CUZ02507,735000
A2,CUZ02509,870000
A2,CUZ02514,545000
A2,CUZ02523,515000
A2,CUZ02530,1059000
A2,CUZ02532,1434000
A2,CUZ02537,1385000
A2,CUZ02539,785000
A2,CUZ02548,1354000
A2,CUZ02552,1330000
A2,CUZ02555,835000
A2,CUZ02557,829000
A2,CUZ02570,919000
A2,CUZ02572,930000
A2,CUZ02573,1345000
A2,CUZ02583,835000
A2,CUZ02584,1215000
A2,CUZ02601,960000
A2,CUZ02604,780000
A2,CUZ02606,605000
A2,CUZ02608,1025000
A2,CUZ02610,415000
A2,CUZ02611,980000
A2,CUZ02619,729000
A2,CUZ02629,390000
A2,CUZ02638,515000
A2,CUZ02642,624000
A2,CUZ02644,580000
A2,CUZ02645,960000
A2,CUZ02649,240000
A2,CUZ02651,1734000
A2,CUZ02654,630000
A2,CUZ02659,815000
A2,CUZ02662,855000
A2,CUZ02664,1109000
A2,CUZ02672,1100000
A2,CUZ02673,805000
A2,CUZ02677,815000
A2,CUZ02682,2264000
A2,CUZ02689,635000
A2,CUZ02700,445000
A2,CUZ02707,813000
A2,CUZ02713,1420000
A2,CUZ02718,2175000
A2,CUZ02720,955000
A2,CUZ02721,2590000
A2,CUZ02736,735000
A2,CUZ02743,740000
A2,CUZ02744,250000
A2,CUZ02751,954000
A2,CUZ02766,625000
A2,CUZ02773,685000
A2,CUZ02778,655000
A2,CUZ02786,345000
A2,CUZ02803,585000
A2,CUZ02806,1040000
A2,CUZ02811,695000
A2,CUZ02821,1955000
A2,CUZ02823,605000
A2,CUZ02830,890000
A2,CUZ02831,555000
A2,CUZ02837,1090000
A2,CUZ02855,1484000
A2,CUZ02856,1924000
A2,CUZ02859,2280000
A2,CUZ02872,940000
A2,CUZ02878,915000
A2,CUZ02881,750000
A2,CUZ02882,920000
A2,CUZ02890,510000
A2,CUZ02896,665000
A2,CUZ02898,1229000
A2,CUZ02902,1035000
A2,CUZ02916,3109000
A2,CUZ02922,955000
A2,CUZ02956,530000
A2,CUZ02957,785000
A2,CUZ02963,590000
A2,CUZ02969,2014000
A2,CUZ02975,780000
A2,CUZ02978,540000
A2,CUZ02986,1185000
A2,CUZ02989,620000
A2,CUZ02997,1084000
A2,CUZ03006,914000
A2,CUZ03010,885000
A2,CUZ03013,980000
A2,CUZ03018,770000
A2,CUZ03024,3249000
A2,CUZ03025,1084000
A2,CUZ03028,385000
A2,CUZ03037,764000
A2,CUZ03040,919000
A2,CUZ03052,1519000
A2,CUZ03055,875000
A2,CUZ03065,1055000
A2,CUZ03071,795000
A2,CUZ03098,620000
A2,CUZ03099,1499000
A2,CUZ03100,405000
A2,CUZ03112,1274000
A2,CUZ03114,1009000
A2,CUZ03118,1499000
A2,CUZ03124,590000
A2,CUZ03134,980000
A2,CUZ03135,385000
A2,CUZ03145,560000
A2,CUZ03146,869000
A2,CUZ03155,360000
A2,CUZ03161,1210000
A2,CUZ03165,865000
A2,CUZ03171,770000
A2,CUZ03176,390000
A2,CUZ03189,340000
A2,CUZ03191,1115000
A2,CUZ03197,1115000
A2,CUZ03207,985000
A2,CUZ03208,1000000
A2,CUZ03209,585000
A2,CUZ03211,1159000
A2,CUZ03219,1590000
A2,CUZ03226,455000
A2,CUZ03238,560000
A2,CUZ03240,1010000
A2,CUZ03254,1124000
A2,CUZ03262,710000
A2,CUZ03263,614000
A2,CUZ03275,989000
A2,CUZ03281,1195000
A2,CUZ03298,699000
A2,CUZ03300,650000
A2,CUZ03305,945000
A2,CUZ03311,740000
A2,CUZ03317,1563000
A2,CUZ03319,1330000
A2,CUZ03333,415000
A2,CUZ03336,920000
A2,CUZ03348,1739000
A2,CUZ03349,1084000
A2,CUZ03351,605000
A2,CUZ03361,1089000
A2,CUZ03365,895000
A2,CUZ03368,1225000
A2,CUZ03375,1134000
A2,CUZ03389,1499000
A2,CUZ03392,1545000
A2,CUZ03412,640000
A2,CUZ03423,685000
A2,CUZ03427,1058000
A2,CUZ03434,1100000
A2,CUZ03435,974000
A2,CUZ03449,760000
A2,CUZ03452,675000
A2,CUZ03454,1094000
A2,CUZ03463,1145000
A2,CUZ03491,1260000
A2,CUZ03506,385000
A2,CUZ03508,765000
A2,CUZ03510,765000
A2,CUZ03516,910000
A2,CUZ03517,485000
A2,CUZ03520,865000
A2,CUZ03531,685000
A2,CUZ03536,3059000
A2,CUZ03540,1295000
A2,CUZ03547,1160000
A2,CUZ03548,465000
A2,CUZ03550,1170000
A2,CUZ03553,845000
A2,CUZ03555,635000
A2,CUZ03569,855000
A2,CUZ03571,1385000
A2,CUZ03572,270000
A2,CUZ03574,1070000
A2,CUZ03577,740000
A2,CUZ03578,1090000
A2,CUZ03587,595000
A2,CUZ03590,1090000
A2,CUZ03591,665000
A2,CUZ03592,1054000
A2,CUZ03595,690000
A2,CUZ03598,1145000
A2,CUZ03605,860000
A2,CUZ03607,1170000
A2,CUZ03619,980000
A2,CUZ03629,1025000
A2,CUZ03632,1594000
A2,CUZ03636,735000
A2,CUZ03647,1215000
A2,CUZ03650,265000
A2,CUZ03651,790000
A2,CUZ03659,255000
A2,CUZ03671,1573000
A2,CUZ03677,1249000
A2,CUZ03680,1224000
A2,CUZ03688,615000
A2,CUZ03690,1044000
A2,CUZ03696,1305000
A2,CUZ03703,530000
A2,CUZ03718,980000
A2,CUZ03730,1099000
A2,CUZ03741,1040000
A2,CUZ03750,375000
A2,CUZ03754,485000
A2,CUZ03766,979000
A2,CUZ03772,1304000
A2,CUZ03791,1199000
A2,CUZ03797,855000
A2,CUZ03800,900000
A2,CUZ03801,610000
A2,CUZ03805,575000
A2,CUZ03812,490000
A2,CUZ03817,860000
A2,CUZ03821,1739000
A2,CUZ03825,1099000
A2,CUZ03842,590000
A2,CUZ03848,1569000
A2,CUZ03858,535000
A2,CUZ03866,635000
A2,CUZ03878,385000
A2,CUZ03891,1299000
A2,CUZ03915,1170000
A2,CUZ03918,470000
A2,CUZ03921,655000
A3,CUZ00003,2230000
A3,CUZ00015,750000
A3,CUZ00017,525000
A3,CUZ00020,1020000
A3,CUZ00026,1045000
A3,CUZ00027,1175000
A3,CUZ00031,1690000
A3,CUZ00032,490000
A3,CUZ00034,925000
A3,CUZ00038,1115000
A3,CUZ00040,940000
A3,CUZ00041,500000
A3,CUZ00044,595000
A3,CUZ00048,440000
A3,CUZ00053,895000
A3,CUZ00062,1245000
A3,CUZ00078,1135000
A3,CUZ00082,1300000
A3,CUZ00088,515000
A3,CUZ00089,780000
A3,CUZ00090,1215000
A3,CUZ00094,1005000
A3,CUZ00098,805000
A3,CUZ00110,390000
A3,CUZ00116,1050000
A3,CUZ00122,880000
A3,CUZ00147,6860000
A3,CUZ00149,665000
A3,CUZ00153,630000
A3,CUZ00158,920000
A3,CUZ00160,425000
A3,CUZ00163,1150000
A3,CUZ00165,200000
A3,CUZ00197,390000
A3,CUZ00202,1150000
A3,CUZ00208,555000
A3,CUZ00220,860000
A3,CUZ00235,705000
A3,CUZ00236,590000
A3,CUZ00248,1124000
A3,CUZ00256,675000
A3,CUZ00274,975000
A3,CUZ00275,720000
A3,CUZ00276,925000
A3,CUZ00286,1390000
A3,CUZ00292,240000
A3,CUZ00302,1145000
A3,CUZ00303,460000
A3,CUZ00306,875000
A3,CUZ00310,974000
A3,CUZ00311,400000
A3,CUZ00312,770000
A3,CUZ00318,595000
A3,CUZ00337,1220000
A3,CUZ00340,495000
A3,CUZ00347,515000
A3,CUZ00354,990000
A3,CUZ00356,985000
A3,CUZ00359,675000
A3,CUZ00361,1455000
A3,CUZ00364,3075000
A3,CUZ00384,685000
A3,CUZ00386,2620000
A3,CUZ00393,425000
A3,CUZ00403,395000
A3,CUZ00437,735000
A3,CUZ00445,825000
A3,CUZ00447,535000
A3,CUZ00457,795000
A3,CUZ00475,325000
A3,CUZ00477,745000
A3,CUZ00479,450000
A3,CUZ00484,315000
A3,CUZ00490,540000
A3,CUZ00493,600000
A3,CUZ00494,515000
A3,CUZ00500,450000
A3,CUZ00504,1670000
A3,CUZ00507,680000
A3,CUZ00511,440000
A3,CUZ00512,510000
A3,CUZ00515,1155000
A3,CUZ00525,1214000
A3,CUZ00531,455000
A3,CUZ00534,675000
A3,CUZ00535,165000
A3,CUZ00552,385000
A3,CUZ00556,440000
A3,CUZ00563,915000
A3,CUZ00577,1045000
A3,CUZ00580,710000
A3,CUZ00581,165000
A3,CUZ00589,590000
A3,CUZ00617,395000
A3,CUZ00634,720000
A3,CUZ00647,800000
A3,CUZ00650,145000
A3,CUZ00662,830000
A3,CUZ00672,2950000
A3,CUZ00675,950000
A3,CUZ00684,315000
A3,CUZ00685,470000
A3,CUZ00686,595000
A3,CUZ00688,905000
A3,CUZ00705,345000
A3,CUZ00718,410000
A3,CUZ00721,1210000
A3,CUZ00738,480000
A3,CUZ00745,635000
A3,CUZ00751,310000
A3,CUZ00754,445000
A3,CUZ00764,385000
A3,CUZ00772,170000
A3,CUZ00774,275000
A3,CUZ00823,610000
A3,CUZ00828,1405000
A3,CUZ00850,500000
A3,CUZ00855,1120000
A3,CUZ00859,285000
A3,CUZ00860,680000
A3,CUZ00864,555000
A3,CUZ00883,760000
A3,CUZ00886,445000
A3,CUZ00888,2140000
A3,CUZ00907,235000
A3,CUZ00908,1100000
A3,CUZ00909,490000
A3,CUZ00913,1125000
A3,CUZ00918,480000
A3,CUZ00919,740000
A3,CUZ00929,60000
A3,CUZ00938,525000
A3,CUZ00946,615000
A3,CUZ00947,840000
A3,CUZ00956,805000
A3,CUZ00978,1000000
A3,CUZ00985,445000
A3,CUZ01024,820000
A3,CUZ01026,105000
A3,CUZ01031,715000
A3,CUZ01032,1215000
A3,CUZ01049,610000
A3,CUZ01064,460000
A3,CUZ01076,790000
A3,CUZ01077,725000
A3,CUZ01101,860000
A3,CUZ01102,550000
A3,CUZ01106,245000
A3,CUZ01109,3895000
A3,CUZ01113,675000
A3,CUZ01123,375000
A3,CUZ01126,1580000
A3,CUZ01133,905000
A3,CUZ01148,285000
A3,CUZ01163,295000
A3,CUZ01170,840000
A3,CUZ01177,420000
A3,CUZ01178,375000
A3,CUZ01183,840000
A3,CUZ01188,1350000
A3,CUZ01203,145000
A3,CUZ01204,490000
A3,CUZ01205,920000
A3,CUZ01212,835000
A3,CUZ01221,330000
A3,CUZ01224,1520000
A3,CUZ01229,535000
A3,CUZ01242,645000
A3,CUZ01244,1090000
A3,CUZ01263,919000
A3,CUZ01278,480000
A3,CUZ01279,2165000
A3,CUZ01283,480000
A3,CUZ01286,560000
A3,CUZ01287,1155000
A3,CUZ01295,225000
A3,CUZ01305,995000
A3,CUZ01306,335000
A3,CUZ01308,485000
A3,CUZ01309,1975000
A3,CUZ01311,145000
A3,CUZ01314,185000
A3,CUZ01327,545000
A3,CUZ01336,764000
A3,CUZ01346,1065000
A3,CUZ01356,135000
A3,CUZ01358,430000
A3,CUZ01359,850000
A3,CUZ01367,310000
A3,CUZ01370,860000
A3,CUZ01379,390000
A3,CUZ01391,70000
A3,CUZ01399,665000
A3,CUZ01400,535000
A3,CUZ01402,690000
A3,CUZ01406,980000
A3,CUZ01409,910000
A3,CUZ01442,590000
A3,CUZ01449,255000
A3,CUZ01462,410000
A3,CUZ01468,735000
A3,CUZ01477,1800000
A3,CUZ01480,365000
A3,CUZ01487,685000
A3,CUZ01495,849000
A3,CUZ01497,370000
A3,CUZ01530,280000
A3,CUZ01542,545000
A3,CUZ01544,665000
A3,CUZ01551,385000
A3,CUZ01562,475000
A3,CUZ01569,990000
A3,CUZ01571,185000
A3,CUZ01575,260000
A3,CUZ01577,330000
A3,CUZ01582,645000
A3,CUZ01584,235000
A3,CUZ01589,1115000
A3,CUZ01596,735000
A3,CUZ01598,255000
A3,CUZ01600,550000
A3,CUZ01602,180000
A3,CUZ01611,1660000
A3,CUZ01615,205000
A3,CUZ01619,460000
A3,CUZ01623,780000
A3,CUZ01625,995000
A3,CUZ01643,2505000
A3,CUZ01657,390000
A3,CUZ01666,830000
A3,CUZ01678,255000
A3,CUZ01692,1065000
A3,CUZ01693,1930000
A3,CUZ01700,335000
A3,CUZ01707,1155000
A3,CUZ01715,160000
A3,CUZ01717,235000
A3,CUZ01719,525000
A3,CUZ01749,1955000
A3,CUZ01755,490000
A3,CUZ01763,800000
A3,CUZ01769,900000
A3,CUZ01777,915000
A3,CUZ01781,1205000
A3,CUZ01791,770000
A3,CUZ01797,2234000
A3,CUZ01813,1470000
A3,CUZ01842,155000
A3,CUZ01844,715000
A3,CUZ01845,510000
A3,CUZ01846,720000
A3,CUZ01847,645000
A3,CUZ01851,2270000
A3,CUZ01863,485000
A3,CUZ01864,560000
A3,CUZ01867,1185000
A3,CUZ01872,1660000
A3,CUZ01878,1045000
A3,CUZ01886,165000
A3,CUZ01894,930000
A3,CUZ01908,130000
A3,CUZ01912,625000
A3,CUZ01914,960000
A3,CUZ01922,345000
A3,CUZ01923,910000
A3,CUZ01928,425000
A3,CUZ01935,855000
A3,CUZ01936,1084000
A3,CUZ01948,1079000
A3,CUZ01960,400000
A3,CUZ01966,645000
A3,CUZ01979,300000
A3,CUZ01983,1350000
A3,CUZ01988,2015000
A3,CUZ01993,1030000
A3,CUZ02001,1110000
A3,CUZ02002,440000
A3,CUZ02009,485000
A3,CUZ02010,1080000
A3,CUZ02014,265000
A3,CUZ02017,390000
A3,CUZ02021,55000
A3,CUZ02022,760000
A3,CUZ02033,375000
A3,CUZ02037,765000
A3,CUZ02039,320000
A3,CUZ02046,1395000
A3,CUZ02054,695000
A3,CUZ02055,270000
A3,CUZ02071,335000
A3,CUZ02072,340000
A3,CUZ02132,945000
A3,CUZ02155,805000
A3,CUZ02171,730000
A3,CUZ02194,950000
A3,CUZ02197,365000
A3,CUZ02206,845000
A3,CUZ02217,120000
A3,CUZ02231,585000
A3,CUZ02239,1105000
A3,CUZ02267,480000
A3,CUZ02290,370000
A3,CUZ02312,705000
A3,CUZ02324,955000
A3,CUZ02334,275000
A3,CUZ02336,960000
A3,CUZ02380,874000
A3,CUZ02394,980000
A3,CUZ02395,675000
A3,CUZ02412,1145000
A3,CUZ02417,605000
A3,CUZ02468,710000
A3,CUZ02479,650000
A3,CUZ02483,1150000
A3,CUZ02488,1035000
A3,CUZ02497,1230000
A3,CUZ02518,640000
A3,CUZ02525,860000
A3,CUZ02536,560000
A3,CUZ02540,1025000
A3,CUZ02564,1190000
A3,CUZ02575,1510000
A3,CUZ02589,785000
A3,CUZ02591,1144000
A3,CUZ02594,510000
A3,CUZ02612,450000
A3,CUZ02614,130000
A3,CUZ02630,1145000
A3,CUZ02641,345000
A3,CUZ02643,665000
A3,CUZ02655,1065000
A3,CUZ02658,165000
A3,CUZ02660,1035000
A3,CUZ02681,605000
A3,CUZ02684,410000
A3,CUZ02710,825000
A3,CUZ02727,740000
A3,CUZ02728,230000
A3,CUZ02734,860000
A3,CUZ02735,625000
A3,CUZ02750,1265000
A3,CUZ02753,1355000
A3,CUZ02762,785000
A3,CUZ02765,945000
A3,CUZ02771,515000
A3,CUZ02789,1100000
A3,CUZ02791,570000
A3,CUZ02801,1060000
A3,CUZ02805,635000
A3,CUZ02824,775000
A3,CUZ02826,1860000
A3,CUZ02832,705000
A3,CUZ02834,720000
A3,CUZ02836,475000
A3,CUZ02843,1070000
A3,CUZ02863,510000
A3,CUZ02867,555000
A3,CUZ02874,1035000
A3,CUZ02879,660000
A3,CUZ02885,1215000
A3,CUZ02889,1379000
A3,CUZ02897,535000
A3,CUZ02904,644000
A3,CUZ02907,420000
A3,CUZ02908,940000
A3,CUZ02914,995000
A3,CUZ02920,390000
A3,CUZ02930,1105000
A3,CUZ02944,2090000
A3,CUZ02945,2230000
A3,CUZ02960,290000
A3,CUZ02967,145000
A3,CUZ02976,900000
A3,CUZ02977,655000
A3,CUZ02992,205000
A3,CUZ03002,1210000
A3,CUZ03011,945000
A3,CUZ03014,1105000
A3,CUZ03023,750000
A3,CUZ03027,645000
A3,CUZ03032,475000
A3,CUZ03044,989000
A3,CUZ03066,505000
A3,CUZ03080,130000
A3,CUZ03083,340000
A3,CUZ03094,1665000
A3,CUZ03095,735000
A3,CUZ03106,590000
A3,CUZ03109,130000
A3,CUZ03115,1160000
A3,CUZ03116,1270000
A3,CUZ03121,675000
A3,CUZ03122,875000
A3,CUZ03125,740000
A3,CUZ03131,1740000
A3,CUZ03142,2030000
A3,CUZ03148,315000
A3,CUZ03153,925000
A3,CUZ03157,415000
A3,CUZ03170,590000
A3,CUZ03180,545000
A3,CUZ03183,475000
A3,CUZ03186,1295000
A3,CUZ03202,1920000
A3,CUZ03215,745000
A3,CUZ03227,1325000
A3,CUZ03236,1775000
A3,CUZ03256,1360000
A3,CUZ03269,930000
A3,CUZ03279,1240000
A3,CUZ03285,1220000
A3,CUZ03289,600000
A3,CUZ03295,290000
A3,CUZ03306,1405000
A3,CUZ03310,510000
A3,CUZ03313,1075000
A3,CUZ03320,780000
A3,CUZ03332,600000
A3,CUZ03339,610000
A3,CUZ03344,670000
A3,CUZ03350,1035000
A3,CUZ03356,610000
A3,CUZ03369,645000
A3,CUZ03384,1060000
A3,CUZ03388,815000
A3,CUZ03405,1524000
A3,CUZ03418,2180000
A3,CUZ03421,1030000
A3,CUZ03422,850000
A3,CUZ03429,1835000
A3,CUZ03439,1270000
A3,CUZ03446,765000
A3,CUZ03462,540000
A3,CUZ03464,825000
A3,CUZ03469,1145000
A3,CUZ03500,345000
A3,CUZ03515,165000
A3,CUZ03525,485000
A3,CUZ03526,740000
A3,CUZ03527,275000
A3,CUZ03530,430000
A3,CUZ03539,630000
A3,CUZ03543,885000
A3,CUZ03554,440000
A3,CUZ03581,350000
A3,CUZ03584,930000
A3,CUZ03585,1645000
A3,CUZ03601,680000
A3,CUZ03604,250000
A3,CUZ03621,495000
A3,CUZ03625,770000
A3,CUZ03638,1415000
A3,CUZ03644,1215000
A3,CUZ03661,385000
A3,CUZ03670,1180000
A3,CUZ03672,905000
A3,CUZ03678,570000
A3,CUZ03679,675000
A3,CUZ03697,685000
A3,CUZ03698,2230000
A3,CUZ03700,560000
A3,CUZ03704,600000
A3,CUZ03720,960000
A3,CUZ03722,990000
A3,CUZ03726,895000
A3,CUZ03734,1300000
A3,CUZ03747,775000
A3,CUZ03755,1190000
A3,CUZ03781,635000
A3,CUZ03786,660000
A3,CUZ03802,665000
A3,CUZ03803,1270000
A3,CUZ03810,295000
A3,CUZ03819,880000
A3,CUZ03823,485000
A3,CUZ03831,1329000
A3,CUZ03838,1240000
A3,CUZ03846,380000
A3,CUZ03851,555000
A3,CUZ03853,1050000
A3,CUZ03855,295000
A3,CUZ03857,1650000
A3,CUZ03865,1549000
A3,CUZ03873,845000
A3,CUZ03883,110000
A3,CUZ03893,885000
A3,CUZ03898,1195000
A3,CUZ03902,660000
A3,CUZ03909,475000
A3,CUZ03911,340000
A3,CUZ03913,1364000
A3,CUZ03914,515000
A3,CUZ03919,1390000
A3,CUZ03922,710000
A3,CUZ03925,310000
A3,CUZ03926,1160000
A3,CUZ03927,660000
A3,CUZ03931,310000
A3,CUZ03932,905000
A3,CUZ03935,480000
A3,CUZ03936,990000
A3,CUZ03939,970000
A3,CUZ03941,220000
B1,CUZ00002,590000
B1,CUZ00009,1145000
B1,CUZ00021,245000
B1,CUZ00055,1090000
B1,CUZ00057,915000
B1,CUZ00059,664000
B1,CUZ00063,1610000
B1,CUZ00064,390000
B1,CUZ00067,725000
B1,CUZ00069,590000
B1,CUZ00092,225000
B1,CUZ00093,655000
B1,CUZ00118,180000
B1,CUZ00138,395000
B1,CUZ00150,660000
B1,CUZ00157,545000
B1,CUZ00162,490000
B1,CUZ00168,455000
B1,CUZ00170,475000
B1,CUZ00178,1385000
B1,CUZ00183,999000
B1,CUZ00187,790000
B1,CUZ00200,460000
B1,CUZ00205,615000
B1,CUZ00211,880000
B1,CUZ00225,1060000
B1,CUZ00243,785000
B1,CUZ00251,550000
B1,CUZ00267,595000
B1,CUZ00281,2340000
B1,CUZ00284,590000
B1,CUZ00287,840000
B1,CUZ00288,630000
B1,CUZ00293,705000
B1,CUZ00301,655000
B1,CUZ00304,240000
B1,CUZ00317,535000
B1,CUZ00367,405000
B1,CUZ00371,400000
B1,CUZ00388,1405000
B1,CUZ00404,290000
B1,CUZ00406,630000
B1,CUZ00407,345000
B1,CUZ00442,750000
B1,CUZ00446,685000
B1,CUZ00456,1065000
B1,CUZ00465,584000
B1,CUZ00481,355000
B1,CUZ00485,240000
B1,CUZ00491,150000
B1,CUZ00499,430000
B1,CUZ00521,515000
B1,CUZ00524,150000
B1,CUZ00526,490000
B1,CUZ00539,405000
B1,CUZ00541,1465000
B1,CUZ00561,55000
B1,CUZ00562,200000
B1,CUZ00575,805000
B1,CUZ00593,645000
B1,CUZ00613,335000
B1,CUZ00615,480000
B1,CUZ00626,745000
B1,CUZ00633,754000
B1,CUZ00645,355000
B1,CUZ00649,445000
B1,CUZ00660,645000
B1,CUZ00673,610000
B1,CUZ00679,590000
B1,CUZ00693,100000
B1,CUZ00694,950000
B1,CUZ00736,910000
B1,CUZ00741,610000
B1,CUZ00744,1898000
B1,CUZ00758,375000
B1,CUZ00762,745000
B1,CUZ00767,355000
B1,CUZ00768,740000
B1,CUZ00778,375000
B1,CUZ00781,1079000
B1,CUZ00789,3175000
B1,CUZ00810,440000
B1,CUZ00814,1009000
B1,CUZ00824,310000
B1,CUZ00826,390000
B1,CUZ00841,200000
B1,CUZ00842,510000
B1,CUZ00845,570000
B1,CUZ00846,440000
B1,CUZ00853,225000
B1,CUZ00866,1890000
B1,CUZ00872,859000
B1,CUZ00892,350000
B1,CUZ00894,280000
B1,CUZ00906,924000
B1,CUZ00910,770000
B1,CUZ00917,260000
B1,CUZ00922,530000
B1,CUZ00925,500000
B1,CUZ00928,510000
B1,CUZ00949,475000
B1,CUZ00951,275000
B1,CUZ00954,1020000
B1,CUZ00965,500000
B1,CUZ00974,475000
B1,CUZ00977,570000
B1,CUZ00981,280000
B1,CUZ00995,595000
B1,CUZ00999,815000
B1,CUZ01009,925000
B1,CUZ01015,180000
B1,CUZ01017,255000
B1,CUZ01028,465000
B1,CUZ01042,295000
B1,CUZ01052,515000
B1,CUZ01053,375000
B1,CUZ01063,240000
B1,CUZ01071,305000
B1,CUZ01084,1045000
B1,CUZ01087,739000
B1,CUZ01103,1585000
B1,CUZ01115,1315000
B1,CUZ01116,510000
B1,CUZ01121,460000
B1,CUZ01132,405000
B1,CUZ01157,605000
B1,CUZ01169,605000
B1,CUZ01171,220000
B1,CUZ01172,625000
B1,CUZ01173,1435000
B1,CUZ01176,125000
B1,CUZ01200,395000
B1,CUZ01210,220000
B1,CUZ01213,130000
B1,CUZ01214,635000
B1,CUZ01227,519000
B1,CUZ01234,525000
B1,CUZ01235,545000
B1,CUZ01243,365000
B1,CUZ01254,630000
B1,CUZ01268,235000
B1,CUZ01274,370000
B1,CUZ01289,615000
B1,CUZ01303,370000
B1,CUZ01326,490000
B1,CUZ01340,390000
B1,CUZ01380,460000
B1,CUZ01385,1734000
B1,CUZ01388,60000
B1,CUZ01397,285000
B1,CUZ01407,165000
B1,CUZ01418,839000
B1,CUZ01420,275000
B1,CUZ01424,400000
B1,CUZ01439,215000
B1,CUZ01440,3000000
B1,CUZ01443,280000
B1,CUZ01447,1280000
B1,CUZ01458,290000
B1,CUZ01470,280000
B1,CUZ01479,410000
B1,CUZ01485,465000
B1,CUZ01489,145000
B1,CUZ01493,290000
B1,CUZ01499,470000
B1,CUZ01500,165000
B1,CUZ01513,350000
B1,CUZ01516,150000
B1,CUZ01522,200000
B1,CUZ01533,290000
B1,CUZ01538,450000
B1,CUZ01570,270000
B1,CUZ01573,1075000
B1,CUZ01578,680000
B1,CUZ01594,305000
B1,CUZ01603,395000
B1,CUZ01604,484000
B1,CUZ01620,410000
B1,CUZ01637,245000
B1,CUZ01663,470000
B1,CUZ01671,485000
B1,CUZ01674,165000
B1,CUZ01675,520000
B1,CUZ01684,780000
B1,CUZ01688,460000
B1,CUZ01694,300000
B1,CUZ01695,1425000
B1,CUZ01699,969000
B1,CUZ01704,1248000
B1,CUZ01706,325000
B1,CUZ01730,480000
B1,CUZ01733,395000
B1,CUZ01736,460000
B1,CUZ01741,805000
B1,CUZ01748,145000
B1,CUZ01757,245000
B1,CUZ01762,929000
B1,CUZ01764,245000
B1,CUZ01786,235000
B1,CUZ01787,410000
B1,CUZ01789,725000
B1,CUZ01790,365000
B1,CUZ01793,620000
B1,CUZ01803,485000
B1,CUZ01807,245000
B1,CUZ01823,360000
B1,CUZ01827,570000
B1,CUZ01828,520000
B1,CUZ01832,455000
B1,CUZ01836,750000
B1,CUZ01837,705000
B1,CUZ01849,340000
B1,CUZ01850,225000
B1,CUZ01855,615000
B1,CUZ01856,245000
B1,CUZ01861,764000
B1,CUZ01870,549000
B1,CUZ01875,995000
B1,CUZ01879,485000
B1,CUZ01889,385000
B1,CUZ01890,50000
B1,CUZ01891,340000
B1,CUZ01899,50000
B1,CUZ01909,405000
B1,CUZ01916,580000
B1,CUZ01933,290000
B1,CUZ01937,1030000
B1,CUZ01942,805000
B1,CUZ01950,770000
B1,CUZ01957,630000
B1,CUZ01958,580000
B1,CUZ01961,230000
B1,CUZ01962,1190000
B1,CUZ01995,465000
B1,CUZ02000,310000
B1,CUZ02006,245000
B1,CUZ02019,425000
B1,CUZ02023,185000
B1,CUZ02032,1109000
B1,CUZ02041,230000
B1,CUZ02043,705000
B1,CUZ02045,525000
B1,CUZ02053,975000
B1,CUZ02056,195000
B1,CUZ02059,495000
B1,CUZ02060,1845000
B1,CUZ02063,615000
B1,CUZ02075,460000
B1,CUZ02079,395000
B1,CUZ02081,610000
B1,CUZ02098,360000
B1,CUZ02120,880000
B1,CUZ02124,595000
B1,CUZ02129,170000
B1,CUZ02134,724000
B1,CUZ02139,460000
B1,CUZ02143,300000
B1,CUZ02144,565000
B1,CUZ02160,835000
B1,CUZ02172,395000
B1,CUZ02195,415000
B1,CUZ02199,745000
B1,CUZ02228,430000
B1,CUZ02233,1020000
B1,CUZ02241,465000
B1,CUZ02245,595000
B1,CUZ02248,220000
B1,CUZ02250,145000
B1,CUZ02252,1295000
B1,CUZ02266,980000
B1,CUZ02268,1015000
B1,CUZ02273,455000
B1,CUZ02287,795000
B1,CUZ02289,510000
B1,CUZ02306,335000
B1,CUZ02331,445000
B1,CUZ02338,689000
B1,CUZ02344,485000
B1,CUZ02350,540000
B1,CUZ02351,1584000
B1,CUZ02353,150000
B1,CUZ02371,355000
B1,CUZ02372,335000
B1,CUZ02379,415000
B1,CUZ02396,400000
B1,CUZ02399,405000
B1,CUZ02405,1124000
B1,CUZ02420,450000
B1,CUZ02437,575000
B1,CUZ02440,750000
B1,CUZ02455,974000
B1,CUZ02463,694000
B1,CUZ02473,1219000
B1,CUZ02486,535000
B1,CUZ02487,645000
B1,CUZ02498,550000
B1,CUZ02505,560000
B1,CUZ02512,1225000
B1,CUZ02517,565000
B1,CUZ02519,560000
B1,CUZ02524,775000
B1,CUZ02543,320000
B1,CUZ02562,939000
B1,CUZ02569,790000
B1,CUZ02577,380000
B1,CUZ02579,450000
B1,CUZ02586,625000
B1,CUZ02592,455000
B1,CUZ02598,520000
B1,CUZ02617,690000
B1,CUZ02620,520000
B1,CUZ02627,1289000
B1,CUZ02637,500000
B1,CUZ02647,515000
B1,CUZ02656,445000
B1,CUZ02663,590000
B1,CUZ02665,330000
B1,CUZ02683,500000
B1,CUZ02687,655000
B1,CUZ02692,340000
B1,CUZ02697,755000
B1,CUZ02704,580000
B1,CUZ02708,645000
B1,CUZ02709,480000
B1,CUZ02746,960000
B1,CUZ02756,605000
B1,CUZ02763,225000
B1,CUZ02776,870000
B1,CUZ02779,505000
B1,CUZ02783,380000
B1,CUZ02793,810000
B1,CUZ02797,610000
B1,CUZ02798,375000
B1,CUZ02804,735000
B1,CUZ02815,575000
B1,CUZ02820,895000
B1,CUZ02842,980000
B1,CUZ02849,649000
B1,CUZ02850,485000
B1,CUZ02852,360000
B1,CUZ02862,570000
B1,CUZ02880,460000
B1,CUZ02892,640000
B1,CUZ02909,320000
B1,CUZ02921,500000
B1,CUZ02932,755000
B1,CUZ02950,825000
B1,CUZ02951,610000
B1,CUZ02952,300000
B1,CUZ02953,960000
B1,CUZ02958,485000
B1,CUZ02962,435000
B1,CUZ02966,560000
B1,CUZ02974,889000
B1,CUZ02984,610000
B1,CUZ02985,330000
B1,CUZ03007,1435000
B1,CUZ03019,270000
B1,CUZ03020,350000
B1,CUZ03030,285000
B1,CUZ03033,615000
B1,CUZ03042,1290000
B1,CUZ03054,760000
B1,CUZ03062,540000
B1,CUZ03084,764000
B1,CUZ03087,340000
B1,CUZ03088,435000
B1,CUZ03093,814000
B1,CUZ03096,860000
B1,CUZ03097,535000
B1,CUZ03107,420000
B1,CUZ03136,1584000
B1,CUZ03149,335000
B1,CUZ03158,595000
B1,CUZ03159,520000
B1,CUZ03163,300000
B1,CUZ03167,585000
B1,CUZ03172,440000
B1,CUZ03196,1460000
B1,CUZ03200,1180000
B1,CUZ03205,515000
B1,CUZ03213,505000
B1,CUZ03217,460000
B1,CUZ03229,515000
B1,CUZ03232,620000
B1,CUZ03245,945000
B1,CUZ03246,310000
B1,CUZ03247,210000
B1,CUZ03260,769000
B1,CUZ03274,500000
B1,CUZ03288,725000
B1,CUZ03293,480000
B1,CUZ03321,570000
B1,CUZ03331,1364000
B1,CUZ03338,620000
B1,CUZ03341,1144000
B1,CUZ03343,320000
B1,CUZ03358,300000
B1,CUZ03363,485000
B1,CUZ03364,1339000
B1,CUZ03379,405000
B1,CUZ03386,765000
B1,CUZ03397,490000
B1,CUZ03409,810000
B1,CUZ03414,940000
B1,CUZ03416,790000
B1,CUZ03443,635000
B1,CUZ03445,350000
B1,CUZ03448,935000
B1,CUZ03450,525000
B1,CUZ03468,1305000
B1,CUZ03477,575000
B1,CUZ03480,695000
B1,CUZ03494,585000
B1,CUZ03495,750000
B1,CUZ03496,400000
B1,CUZ03507,655000
B1,CUZ03521,330000
B1,CUZ03534,2908000
B1,CUZ03535,225000
B1,CUZ03537,1065000
B1,CUZ03562,220000
B1,CUZ03567,634000
B1,CUZ03573,670000
B1,CUZ03588,770000
B1,CUZ03597,780000
B1,CUZ03613,590000
B1,CUZ03615,1200000
B1,CUZ03616,465000
B1,CUZ03618,690000
B1,CUZ03626,540000
B1,CUZ03654,335000
B1,CUZ03673,610000
B1,CUZ03676,1234000
B1,CUZ03682,390000
B1,CUZ03702,915000
B1,CUZ03708,819000
B1,CUZ03717,550000
B1,CUZ03721,865000
B1,CUZ03724,460000
B1,CUZ03731,620000
B1,CUZ03751,975000
B1,CUZ03756,510000
B1,CUZ03767,1109000
B1,CUZ03770,969000
B1,CUZ03775,35000
B1,CUZ03776,570000
B1,CUZ03777,675000
B1,CUZ03779,879000
B1,CUZ03785,490000
B1,CUZ03787,615000
B1,CUZ03795,425000
B1,CUZ03809,715000
B1,CUZ03813,530000
B1,CUZ03820,715000
B1,CUZ03852,330000
B1,CUZ03856,470000
B1,CUZ03867,619000
B1,CUZ03868,870000
B1,CUZ03870,485000
B1,CUZ03880,485000
B1,CUZ03881,895000
B1,CUZ03886,1225000
B1,CUZ03894,1055000
B1,CUZ03895,550000
B1,CUZ03896,730000
B1,CUZ03897,1284000
B1,CUZ03920,974000
B1,CUZ03930,675000
B1,CUZ03942,630000
B2,CUZ00028,585000
B2,CUZ00036,854000
B2,CUZ00039,705000
B2,CUZ00046,410000
B2,CUZ00061,665000
B2,CUZ00071,355000
B2,CUZ00073,609000
B2,CUZ00074,375000
B2,CUZ00083,365000
B2,CUZ00085,485000
B2,CUZ00101,415000
B2,CUZ00106,974000
B2,CUZ00119,265000
B2,CUZ00120,260000
B2,CUZ00123,480000
B2,CUZ00125,375000
B2,CUZ00128,545000
B2,CUZ00139,944000
B2,CUZ00142,380000
B2,CUZ00171,385000
B2,CUZ00174,345000
B2,CUZ00182,240000
B2,CUZ00184,105000
B2,CUZ00186,385000
B2,CUZ00189,949000
B2,CUZ00192,390000
B2,CUZ00195,95000
B2,CUZ00198,440000
B2,CUZ00212,615000
B2,CUZ00230,200000
B2,CUZ00231,195000
B2,CUZ00237,1019000
B2,CUZ00245,300000
B2,CUZ00259,295000
B2,CUZ00261,510000
B2,CUZ00273,590000
B2,CUZ00278,290000
B2,CUZ00299,450000
B2,CUZ00300,535000
B2,CUZ00305,689000
B2,CUZ00316,480000
B2,CUZ00333,620000
B2,CUZ00351,435000
B2,CUZ00358,615000
B2,CUZ00365,350000
B2,CUZ00375,210000
B2,CUZ00383,205000
B2,CUZ00392,215000
B2,CUZ00416,190000
B2,CUZ00418,390000
B2,CUZ00423,185000
B2,CUZ00431,200000
B2,CUZ00434,160000
B2,CUZ00441,60000
B2,CUZ00444,290000
B2,CUZ00451,390000
B2,CUZ00458,904000
B2,CUZ00459,969000
B2,CUZ00469,435000
B2,CUZ00472,210000
B2,CUZ00506,450000
B2,CUZ00516,440000
B2,CUZ00530,185000
B2,CUZ00544,105000
B2,CUZ00573,430000
B2,CUZ00579,225000
B2,CUZ00607,405000
B2,CUZ00610,295000
B2,CUZ00630,330000
B2,CUZ00646,130000
B2,CUZ00658,390000
B2,CUZ00667,410000
B2,CUZ00668,190000
B2,CUZ00682,280000
B2,CUZ00687,95000
B2,CUZ00701,315000
B2,CUZ00710,340000
B2,CUZ00712,330000
B2,CUZ00716,445000
B2,CUZ00729,340000
B2,CUZ00766,519000
B2,CUZ00777,430000
B2,CUZ00785,130000
B2,CUZ00797,190000
B2,CUZ00806,425000
B2,CUZ00819,185000
B2,CUZ00825,150000
B2,CUZ00847,55000
B2,CUZ00857,125000
B2,CUZ00877,275000
B2,CUZ00879,145000
B2,CUZ00891,640000
B2,CUZ00899,389000
B2,CUZ00911,390000
B2,CUZ00937,200000
B2,CUZ00940,300000
B2,CUZ00942,285000
B2,CUZ00943,170000
B2,CUZ00960,300000
B2,CUZ00963,35000
B2,CUZ00964,465000
B2,CUZ00970,429000
B2,CUZ00991,300000
B2,CUZ01006,100000
B2,CUZ01011,420000
B2,CUZ01019,460000
B2,CUZ01020,450000
B2,CUZ01027,225000
B2,CUZ01029,370000
B2,CUZ01035,539000
B2,CUZ01048,285000
B2,CUZ01059,534000
B2,CUZ01065,380000
B2,CUZ01067,320000
B2,CUZ01068,95000
B2,CUZ01079,210000
B2,CUZ01083,195000
B2,CUZ01085,135000
B2,CUZ01107,185000
B2,CUZ01124,260000
B2,CUZ01128,350000
B2,CUZ01135,200000
B2,CUZ01138,525000
B2,CUZ01142,190000
B2,CUZ01145,120000
B2,CUZ01160,335000
B2,CUZ01161,495000
B2,CUZ01168,285000
B2,CUZ01201,390000
B2,CUZ01220,280000
B2,CUZ01226,854000
B2,CUZ01237,704000
B2,CUZ01238,270000
B2,CUZ01240,205000
B2,CUZ01241,245000
B2,CUZ01256,444000
B2,CUZ01259,180000
B2,CUZ01261,300000
B2,CUZ01262,539000
B2,CUZ01267,200000
B2,CUZ01277,110000
B2,CUZ01292,605000
B2,CUZ01293,110000
B2,CUZ01294,485000
B2,CUZ01317,320000
B2,CUZ01324,539000
B2,CUZ01335,250000
B2,CUZ01349,425000
B2,CUZ01350,450000
B2,CUZ01355,130000
B2,CUZ01362,160000
B2,CUZ01374,40000
B2,CUZ01375,165000
B2,CUZ01377,225000
B2,CUZ01383,275000
B2,CUZ01393,470000
B2,CUZ01394,300000
B2,CUZ01396,345000
B2,CUZ01428,295000
B2,CUZ01432,355000
B2,CUZ01437,300000
B2,CUZ01438,150000
B2,CUZ01444,430000
B2,CUZ01452,600000
B2,CUZ01456,220000
B2,CUZ01466,355000
B2,CUZ01473,260000
B2,CUZ01476,290000
B2,CUZ01483,150000
B2,CUZ01488,539000
B2,CUZ01491,150000
B2,CUZ01494,389000
B2,CUZ01498,150000
B2,CUZ01509,205000
B2,CUZ01510,150000
B2,CUZ01519,340000
B2,CUZ01528,335000
B2,CUZ01529,260000
B2,CUZ01543,50000
B2,CUZ01545,444000
B2,CUZ01546,200000
B2,CUZ01547,335000
B2,CUZ01560,125000
B2,CUZ01568,130000
B2,CUZ01572,370000
B2,CUZ01581,300000
B2,CUZ01588,300000
B2,CUZ01595,150000
B2,CUZ01609,120000
B2,CUZ01610,335000
B2,CUZ01617,380000
B2,CUZ01631,245000
B2,CUZ01636,150000
B2,CUZ01642,195000
B2,CUZ01651,300000
B2,CUZ01654,150000
B2,CUZ01662,449000
B2,CUZ01664,210000
B2,CUZ01668,470000
B2,CUZ01676,150000
B2,CUZ01680,220000
B2,CUZ01682,40000
B2,CUZ01697,295000
B2,CUZ01709,539000
B2,CUZ01726,145000
B2,CUZ01729,445000
B2,CUZ01743,150000
B2,CUZ01760,684000
B2,CUZ01768,200000
B2,CUZ01773,634000
B2,CUZ01776,200000
B2,CUZ01784,300000
B2,CUZ01794,285000
B2,CUZ01796,605000
B2,CUZ01798,185000
B2,CUZ01801,280000
B2,CUZ01802,210000
B2,CUZ01806,205000
B2,CUZ01816,389000
B2,CUZ01820,55000
B2,CUZ01830,245000
B2,CUZ01831,285000
B2,CUZ01839,300000
B2,CUZ01840,190000
B2,CUZ01858,40000
B2,CUZ01859,295000
B2,CUZ01860,150000
B2,CUZ01862,505000
B2,CUZ01869,205000
B2,CUZ01876,395000
B2,CUZ01880,260000
B2,CUZ01881,320000
B2,CUZ01883,519000
B2,CUZ01885,250000
B2,CUZ01887,730000
B2,CUZ01895,584000
B2,CUZ01897,335000
B2,CUZ01898,225000
B2,CUZ01901,574000
B2,CUZ01905,485000
B2,CUZ01913,225000
B2,CUZ01917,205000
B2,CUZ01919,435000
B2,CUZ01921,150000
B2,CUZ01925,225000
B2,CUZ01929,889000
B2,CUZ01931,240000
B2,CUZ01941,475000
B2,CUZ01947,1033000
B2,CUZ01952,380000
B2,CUZ01954,140000
B2,CUZ01956,300000
B2,CUZ01959,704000
B2,CUZ01963,210000
B2,CUZ01964,355000
B2,CUZ01969,260000
B2,CUZ01972,75000
B2,CUZ01973,225000
B2,CUZ01981,595000
B2,CUZ01982,50000
B2,CUZ01985,200000
B2,CUZ01994,385000
B2,CUZ02003,245000
B2,CUZ02004,185000
B2,CUZ02015,480000
B2,CUZ02042,220000
B2,CUZ02047,235000
B2,CUZ02050,300000
B2,CUZ02058,355000
B2,CUZ02062,390000
B2,CUZ02069,185000
B2,CUZ02073,300000
B2,CUZ02083,450000
B2,CUZ02085,325000
B2,CUZ02096,539000
B2,CUZ02104,220000
B2,CUZ02106,255000
B2,CUZ02122,150000
B2,CUZ02125,340000
B2,CUZ02126,165000
B2,CUZ02131,150000
B2,CUZ02133,160000
B2,CUZ02137,295000
B2,CUZ02148,270000
B2,CUZ02151,325000
B2,CUZ02153,345000
B2,CUZ02159,350000
B2,CUZ02164,300000
B2,CUZ02165,280000
B2,CUZ02169,495000
B2,CUZ02177,300000
B2,CUZ02178,335000
B2,CUZ02179,60000
B2,CUZ02184,210000
B2,CUZ02192,200000
B2,CUZ02193,240000
B2,CUZ02198,285000
B2,CUZ02209,430000
B2,CUZ02220,389000
B2,CUZ02222,450000
B2,CUZ02226,245000
B2,CUZ02230,485000
B2,CUZ02235,704000
B2,CUZ02236,305000
B2,CUZ02242,165000
B2,CUZ02246,550000
B2,CUZ02247,145000
B2,CUZ02249,769000
B2,CUZ02251,519000
B2,CUZ02258,580000
B2,CUZ02260,225000
B2,CUZ02263,315000
B2,CUZ02264,350000
B2,CUZ02283,330000
B2,CUZ02291,300000
B2,CUZ02292,670000
B2,CUZ02298,390000
B2,CUZ02300,60000
B2,CUZ02301,365000
B2,CUZ02311,150000
B2,CUZ02313,425000
B2,CUZ02319,485000
B2,CUZ02320,55000
B2,CUZ02323,150000
B2,CUZ02325,485000
B2,CUZ02337,180000
B2,CUZ02345,699000
B2,CUZ02347,519000
B2,CUZ02363,270000
B2,CUZ02368,280000
B2,CUZ02373,205000
B2,CUZ02374,719000
B2,CUZ02378,205000
B2,CUZ02382,295000
B2,CUZ02387,644000
B2,CUZ02414,270000
B2,CUZ02415,395000
B2,CUZ02416,605000
B2,CUZ02421,335000
B2,CUZ02451,320000
B2,CUZ02456,435000
B2,CUZ02460,295000
B2,CUZ02465,185000
B2,CUZ02476,450000
B2,CUZ02499,360000
B2,CUZ02504,345000
B2,CUZ02510,300000
B2,CUZ02522,340000
B2,CUZ02534,450000
B2,CUZ02563,834000
B2,CUZ02585,405000
B2,CUZ02605,514000
B2,CUZ02615,150000
B2,CUZ02616,545000
B2,CUZ02623,924000
B2,CUZ02625,499000
B2,CUZ02639,1000000
B2,CUZ02648,185000
B2,CUZ02650,340000
B2,CUZ02666,535000
B2,CUZ02670,210000
B2,CUZ02671,150000
B2,CUZ02685,55000
B2,CUZ02705,155000
B2,CUZ02716,765000
B2,CUZ02723,200000
B2,CUZ02731,380000
B2,CUZ02749,834000
B2,CUZ02752,280000
B2,CUZ02769,530000
B2,CUZ02774,265000
B2,CUZ02775,350000
B2,CUZ02794,245000
B2,CUZ02802,210000
B2,CUZ02807,185000
B2,CUZ02808,245000
B2,CUZ02822,574000
B2,CUZ02839,355000
B2,CUZ02848,150000
B2,CUZ02870,365000
B2,CUZ02873,150000
B2,CUZ02893,485000
B2,CUZ02910,390000
B2,CUZ02911,310000
B2,CUZ02915,300000
B2,CUZ02917,230000
B2,CUZ02924,205000
B2,CUZ02927,135000
B2,CUZ02937,439000
B2,CUZ02939,440000
B2,CUZ02942,439000
B2,CUZ02946,300000
B2,CUZ02959,250000
B2,CUZ02965,360000
B2,CUZ02982,520000
B2,CUZ02990,360000
B2,CUZ03021,305000
B2,CUZ03043,680000
B2,CUZ03049,55000
B2,CUZ03057,934000
B2,CUZ03067,330000
B2,CUZ03068,689000
B2,CUZ03077,435000
B2,CUZ03081,190000
B2,CUZ03082,295000
B2,CUZ03090,355000
B2,CUZ03103,485000
B2,CUZ03105,150000
B2,CUZ03108,760000
B2,CUZ03130,125000
B2,CUZ03133,225000
B2,CUZ03151,424000
B2,CUZ03168,395000
B2,CUZ03182,300000
B2,CUZ03184,150000
B2,CUZ03190,560000
B2,CUZ03221,300000
B2,CUZ03257,679000
B2,CUZ03278,315000
B2,CUZ03282,190000
B2,CUZ03292,345000
B2,CUZ03296,185000
B2,CUZ03312,190000
B2,CUZ03324,505000
B2,CUZ03345,629000
B2,CUZ03347,744000
B2,CUZ03357,315000
B2,CUZ03362,360000
B2,CUZ03367,285000
B2,CUZ03391,315000
B2,CUZ03410,95000
B2,CUZ03431,410000
B2,CUZ03437,285000
B2,CUZ03440,290000
B2,CUZ03457,785000
B2,CUZ03459,165000
B2,CUZ03470,424000
B2,CUZ03475,350000
B2,CUZ03484,325000
B2,CUZ03487,615000
B2,CUZ03498,365000
B2,CUZ03512,315000
B2,CUZ03522,410000
B2,CUZ03523,285000
B2,CUZ03532,574000
B2,CUZ03566,430000
B2,CUZ03596,360000
B2,CUZ03600,320000
B2,CUZ03603,500000
B2,CUZ03623,350000
B2,CUZ03634,405000
B2,CUZ03648,689000
B2,CUZ03656,455000
B2,CUZ03675,550000
B2,CUZ03689,674000
B2,CUZ03695,205000
B2,CUZ03723,360000
B2,CUZ03735,395000
B2,CUZ03736,345000
B2,CUZ03739,310000
B2,CUZ03745,485000
B2,CUZ03793,150000
B2,CUZ03807,335000
B2,CUZ03818,185000
B2,CUZ03828,739000
B2,CUZ03837,315000
B2,CUZ03840,330000
B2,CUZ03876,450000
B2,CUZ03899,894000
B2,CUZ03904,759000
B2,CUZ03928,885000
B2,CUZ03934,245000
B3,CUZ00004,635000
B3,CUZ00006,585000
B3,CUZ00010,750000
B3,CUZ00013,150000
B3,CUZ00018,185000
B3,CUZ00019,420000
B3,CUZ00025,405000
B3,CUZ00037,865000
B3,CUZ00049,595000
B3,CUZ00056,420000
B3,CUZ00058,210000
B3,CUZ00068,485000
B3,CUZ00086,360000
B3,CUZ00097,360000
B3,CUZ00104,285000
B3,CUZ00114,615000
B3,CUZ00131,640000
B3,CUZ00134,300000
B3,CUZ00141,560000
B3,CUZ00146,655000
B3,CUZ00155,355000
B3,CUZ00166,285000
B3,CUZ00175,675000
B3,CUZ00204,915000
B3,CUZ00210,600000
B3,CUZ00234,515000
B3,CUZ00241,250000
B3,CUZ00242,885000
B3,CUZ00244,350000
B3,CUZ00263,585000
B3,CUZ00266,350000
B3,CUZ00279,764000
B3,CUZ00296,615000
B3,CUZ00308,605000
B3,CUZ00314,550000
B3,CUZ00329,320000
B3,CUZ00332,565000
B3,CUZ00346,350000
B3,CUZ00370,280000
B3,CUZ00395,589000
B3,CUZ00422,240000
B3,CUZ00424,635000
B3,CUZ00425,370000
B3,CUZ00432,220000
B3,CUZ00449,490000
B3,CUZ00461,375000
B3,CUZ00468,260000
B3,CUZ00470,410000
B3,CUZ00473,505000
B3,CUZ00486,480000
B3,CUZ00496,160000
B3,CUZ00502,270000
B3,CUZ00508,60000
B3,CUZ00509,735000
B3,CUZ00513,395000
B3,CUZ00517,365000
B3,CUZ00583,400000
B3,CUZ00601,35000
B3,CUZ00624,375000
B3,CUZ00625,760000
B3,CUZ00635,290000
B3,CUZ00636,40000
B3,CUZ00641,150000
B3,CUZ00657,350000
B3,CUZ00669,315000
B3,CUZ00715,520000
B3,CUZ00727,345000
B3,CUZ00747,270000
B3,CUZ00779,450000
B3,CUZ00788,575000
B3,CUZ00790,325000
B3,CUZ00805,215000
B3,CUZ00808,220000
B3,CUZ00839,310000
B3,CUZ00843,595000
B3,CUZ00849,135000
B3,CUZ00867,170000
B3,CUZ00870,310000
B3,CUZ00897,185000
B3,CUZ00898,640000
B3,CUZ00900,455000
B3,CUZ00902,215000
B3,CUZ00912,440000
B3,CUZ00955,260000
B3,CUZ00958,389000
B3,CUZ00982,155000
B3,CUZ01008,60000
B3,CUZ01014,630000
B3,CUZ01051,490000
B3,CUZ01072,465000
B3,CUZ01088,310000
B3,CUZ01091,574000
B3,CUZ01105,255000
B3,CUZ01111,684000
B3,CUZ01143,405000
B3,CUZ01147,505000
B3,CUZ01153,415000
B3,CUZ01165,205000
B3,CUZ01166,205000
B3,CUZ01202,355000
B3,CUZ01206,195000
B3,CUZ01230,285000
B3,CUZ01236,200000
B3,CUZ01249,225000
B3,CUZ01257,450000
B3,CUZ01260,465000
B3,CUZ01270,550000
B3,CUZ01282,40000
B3,CUZ01310,370000
B3,CUZ01330,310000
B3,CUZ01338,160000
B3,CUZ01341,450000
B3,CUZ01343,130000
B3,CUZ01352,40000
B3,CUZ01369,285000
B3,CUZ01386,355000
B3,CUZ01392,455000
B3,CUZ01413,545000
B3,CUZ01436,185000
B3,CUZ01448,405000
B3,CUZ01455,170000
B3,CUZ01460,165000
B3,CUZ01469,260000
B3,CUZ01475,185000
B3,CUZ01484,155000
B3,CUZ01502,450000
B3,CUZ01514,554000
B3,CUZ01515,425000
B3,CUZ01520,185000
B3,CUZ01523,170000
B3,CUZ01565,560000
B3,CUZ01576,300000
B3,CUZ01579,450000
B3,CUZ01599,305000
B3,CUZ01601,310000
B3,CUZ01656,240000
B3,CUZ01659,415000
B3,CUZ01689,240000
B3,CUZ01691,470000
B3,CUZ01703,675000
B3,CUZ01705,215000
B3,CUZ01745,275000
B3,CUZ01756,205000
B3,CUZ01780,225000
B3,CUZ01782,565000
B3,CUZ01783,700000
B3,CUZ01808,600000
B3,CUZ01811,325000
B3,CUZ01825,450000
B3,CUZ01888,295000
B3,CUZ01915,240000
B3,CUZ01924,705000
B3,CUZ01926,445000
B3,CUZ01927,185000
B3,CUZ01934,405000
B3,CUZ01944,360000
B3,CUZ01951,935000
B3,CUZ01984,325000
B3,CUZ01986,260000
B3,CUZ01991,110000
B3,CUZ02008,245000
B3,CUZ02013,60000
B3,CUZ02028,310000
B3,CUZ02029,300000
B3,CUZ02034,220000
B3,CUZ02061,305000
B3,CUZ02064,215000
B3,CUZ02088,325000
B3,CUZ02102,410000
B3,CUZ02113,200000
B3,CUZ02121,290000
B3,CUZ02135,1385000
B3,CUZ02138,984000
B3,CUZ02149,100000
B3,CUZ02157,290000
B3,CUZ02166,440000
B3,CUZ02191,605000
B3,CUZ02196,200000
B3,CUZ02200,515000
B3,CUZ02201,630000
B3,CUZ02202,570000
B3,CUZ02205,325000
B3,CUZ02208,435000
B3,CUZ02212,690000
B3,CUZ02244,370000
B3,CUZ02262,230000
B3,CUZ02269,300000
B3,CUZ02278,305000
B3,CUZ02288,465000
B3,CUZ02296,40000
B3,CUZ02305,445000
B3,CUZ02308,265000
B3,CUZ02318,565000
B3,CUZ02342,335000
B3,CUZ02343,390000
B3,CUZ02354,190000
B3,CUZ02358,55000
B3,CUZ02369,420000
B3,CUZ02388,915000
B3,CUZ02391,435000
B3,CUZ02397,390000
B3,CUZ02406,245000
B3,CUZ02410,400000
B3,CUZ02422,280000
B3,CUZ02447,215000
B3,CUZ02452,190000
B3,CUZ02459,275000
B3,CUZ02461,650000
B3,CUZ02475,390000
B3,CUZ02477,230000
B3,CUZ02478,539000
B3,CUZ02482,400000
B3,CUZ02494,210000
B3,CUZ02520,715000
B3,CUZ02526,515000
B3,CUZ02529,240000
B3,CUZ02535,425000
B3,CUZ02541,230000
B3,CUZ02549,600000
B3,CUZ02566,235000
B3,CUZ02576,100000
B3,CUZ02587,400000
B3,CUZ02595,255000
B3,CUZ02607,100000
B3,CUZ02618,435000
B3,CUZ02624,525000
B3,CUZ02657,565000
B3,CUZ02675,185000
B3,CUZ02679,775000
B3,CUZ02688,270000
B3,CUZ02690,370000
B3,CUZ02698,315000
B3,CUZ02715,460000
B3,CUZ02732,370000
B3,CUZ02737,530000
B3,CUZ02742,205000
B3,CUZ02754,435000
B3,CUZ02759,190000
B3,CUZ02767,180000
B3,CUZ02784,245000
B3,CUZ02795,330000
B3,CUZ02838,260000
B3,CUZ02853,300000
B3,CUZ02858,610000
B3,CUZ02864,245000
B3,CUZ02869,435000
B3,CUZ02876,240000
B3,CUZ02883,584000
B3,CUZ02888,995000
B3,CUZ02899,40000
B3,CUZ02900,225000
B3,CUZ02901,535000
B3,CUZ02903,285000
B3,CUZ02913,180000
B3,CUZ02926,515000
B3,CUZ02931,405000
B3,CUZ02934,275000
B3,CUZ02941,655000
B3,CUZ02961,210000
B3,CUZ02964,270000
B3,CUZ02971,305000
B3,CUZ02981,275000
B3,CUZ02983,425000
B3,CUZ02988,165000
B3,CUZ02994,435000
B3,CUZ03016,400000
B3,CUZ03035,490000
B3,CUZ03047,649000
B3,CUZ03059,325000
B3,CUZ03139,490000
B3,CUZ03147,210000
B3,CUZ03160,420000
B3,CUZ03214,525000
B3,CUZ03237,905000
B3,CUZ03249,490000
B3,CUZ03250,260000
B3,CUZ03253,520000
B3,CUZ03255,405000
B3,CUZ03259,755000
B3,CUZ03265,330000
B3,CUZ03268,300000
B3,CUZ03287,839000
B3,CUZ03316,720000
B3,CUZ03323,195000
B3,CUZ03325,545000
B3,CUZ03335,400000
B3,CUZ03346,200000
B3,CUZ03355,405000
B3,CUZ03366,675000
B3,CUZ03372,425000
B3,CUZ03393,350000
B3,CUZ03395,914000
B3,CUZ03398,1010000
B3,CUZ03404,365000
B3,CUZ03406,290000
B3,CUZ03417,1149000
B3,CUZ03419,455000
B3,CUZ03425,485000
B3,CUZ03428,325000
B3,CUZ03433,910000
B3,CUZ03482,525000
B3,CUZ03485,950000
B3,CUZ03499,505000
B3,CUZ03556,470000
B3,CUZ03561,490000
B3,CUZ03565,680000
B3,CUZ03575,559000
B3,CUZ03582,550000
B3,CUZ03593,475000
B3,CUZ03627,315000
B3,CUZ03653,535000
B3,CUZ03657,480000
B3,CUZ03658,904000
B3,CUZ03664,430000
B3,CUZ03668,450000
B3,CUZ03669,849000
B3,CUZ03686,370000
B3,CUZ03715,595000
B3,CUZ03729,994000
B3,CUZ03733,595000
B3,CUZ03759,570000
B3,CUZ03763,205000
B3,CUZ03788,430000
B3,CUZ03815,590000
B3,CUZ03839,420000
B3,CUZ03850,530000
B3,CUZ03859,525000
B3,CUZ03861,805000
B3,CUZ03869,585000
B3,CUZ03871,365000
B3,CUZ03874,530000
B3,CUZ03879,300000
B3,CUZ03887,905000
B3,CUZ03907,260000
B3,CUZ03908,285000
B3,CUZ03910,380000
B3,CUZ03912,645000
C1,CUZ00001,625000
C1,CUZ00007,525000
C1,CUZ00008,575000
C1,CUZ00016,330000
C1,CUZ00030,795000
C1,CUZ00066,535000
C1,CUZ00080,400000
C1,CUZ00100,780000
C1,CUZ00108,445000
C1,CUZ00113,1010000
C1,CUZ00136,585000
C1,CUZ00152,380000
C1,CUZ00154,559000
C1,CUZ00164,400000
C1,CUZ00190,1100000
C1,CUZ00196,870000
C1,CUZ00203,335000
C1,CUZ00206,420000
C1,CUZ00209,355000
C1,CUZ00216,400000
C1,CUZ00218,544000
C1,CUZ00223,1105000
C1,CUZ00229,495000
C1,CUZ00265,645000
C1,CUZ00269,270000
C1,CUZ00285,545000
C1,CUZ00291,440000
C1,CUZ00298,560000
C1,CUZ00324,410000
C1,CUZ00325,375000
C1,CUZ00328,580000
C1,CUZ00339,330000
C1,CUZ00366,570000
C1,CUZ00372,520000
C1,CUZ00376,544000
C1,CUZ00378,600000
C1,CUZ00381,510000
C1,CUZ00390,710000
C1,CUZ00396,405000
C1,CUZ00398,520000
C1,CUZ00399,1790000
C1,CUZ00400,95000
C1,CUZ00410,530000
C1,CUZ00414,50000
C1,CUZ00417,215000
C1,CUZ00420,245000
C1,CUZ00453,480000
C1,CUZ00460,185000
C1,CUZ00466,210000
C1,CUZ00478,1060000
C1,CUZ00480,460000
C1,CUZ00487,385000
C1,CUZ00488,365000
C1,CUZ00497,235000
C1,CUZ00510,565000
C1,CUZ00528,280000
C1,CUZ00542,695000
C1,CUZ00543,575000
C1,CUZ00545,780000
C1,CUZ00550,270000
C1,CUZ00559,1070000
C1,CUZ00566,800000
C1,CUZ00590,55000
C1,CUZ00596,170000
C1,CUZ00598,515000
C1,CUZ00628,55000
C1,CUZ00629,824000
C1,CUZ00639,185000
C1,CUZ00642,490000
C1,CUZ00648,350000
C1,CUZ00664,680000
C1,CUZ00670,780000
C1,CUZ00680,190000
C1,CUZ00681,290000
C1,CUZ00683,530000
C1,CUZ00690,400000
C1,CUZ00708,955000
C1,CUZ00714,350000
C1,CUZ00722,440000
C1,CUZ00749,605000
C1,CUZ00756,439000
C1,CUZ00765,120000
C1,CUZ00769,365000
C1,CUZ00775,225000
C1,CUZ00780,370000
C1,CUZ00782,330000
C1,CUZ00783,205000
C1,CUZ00796,425000
C1,CUZ00801,620000
C1,CUZ00802,390000
C1,CUZ00812,600000
C1,CUZ00816,460000
C1,CUZ00820,1729000
C1,CUZ00830,345000
C1,CUZ00833,255000
C1,CUZ00861,420000
C1,CUZ00876,55000
C1,CUZ00878,629000
C1,CUZ00884,880000
C1,CUZ00885,1075000
C1,CUZ00901,240000
C1,CUZ00923,205000
C1,CUZ00939,500000
C1,CUZ00961,110000
C1,CUZ00962,530000
C1,CUZ00979,915000
C1,CUZ00980,885000
C1,CUZ00987,550000
C1,CUZ01021,530000
C1,CUZ01023,839000
C1,CUZ01034,450000
C1,CUZ01050,515000
C1,CUZ01061,285000
C1,CUZ01062,350000
C1,CUZ01070,480000
C1,CUZ01094,560000
C1,CUZ01095,375000
C1,CUZ01099,1089000
C1,CUZ01112,280000
C1,CUZ01119,320000
C1,CUZ01122,345000
C1,CUZ01125,460000
C1,CUZ01129,165000
C1,CUZ01134,1375000
C1,CUZ01137,105000
C1,CUZ01156,690000
C1,CUZ01159,635000
C1,CUZ01180,250000
C1,CUZ01190,160000
C1,CUZ01199,814000
C1,CUZ01222,510000
C1,CUZ01247,55000
C1,CUZ01248,510000
C1,CUZ01252,220000
C1,CUZ01265,930000
C1,CUZ01266,575000
C1,CUZ01271,220000
C1,CUZ01284,560000
C1,CUZ01296,635000
C1,CUZ01316,550000
C1,CUZ01318,550000
C1,CUZ01320,225000
C1,CUZ01331,335000
C1,CUZ01332,295000
C1,CUZ01351,495000
C1,CUZ01364,280000
C1,CUZ01387,280000
C1,CUZ01398,165000
C1,CUZ01401,684000
C1,CUZ01412,215000
C1,CUZ01414,2964000
C1,CUZ01427,535000
C1,CUZ01431,435000
C1,CUZ01461,355000
C1,CUZ01474,210000
C1,CUZ01486,470000
C1,CUZ01506,554000
C1,CUZ01511,440000
C1,CUZ01525,1949000
C1,CUZ01540,490000
C1,CUZ01550,305000
C1,CUZ01552,490000
C1,CUZ01557,720000
C1,CUZ01559,165000
C1,CUZ01563,160000
C1,CUZ01564,205000
C1,CUZ01567,660000
C1,CUZ01583,495000
C1,CUZ01585,620000
C1,CUZ01597,275000
C1,CUZ01605,695000
C1,CUZ01606,420000
C1,CUZ01622,720000
C1,CUZ01627,345000
C1,CUZ01638,100000
C1,CUZ01640,385000
C1,CUZ01652,490000
C1,CUZ01660,794000
C1,CUZ01673,440000
C1,CUZ01722,320000
C1,CUZ01732,295000
C1,CUZ01750,160000
C1,CUZ01752,2060000
C1,CUZ01772,160000
C1,CUZ01775,470000
C1,CUZ01778,490000
C1,CUZ01815,260000
C1,CUZ01826,265000
C1,CUZ01834,385000
C1,CUZ01841,625000
C1,CUZ01843,420000
C1,CUZ01853,1125000
C1,CUZ01874,865000
C1,CUZ01882,1065000
C1,CUZ01884,320000
C1,CUZ01893,565000
C1,CUZ01896,415000
C1,CUZ01939,170000
C1,CUZ01946,295000
C1,CUZ01953,155000
C1,CUZ01968,629000
C1,CUZ01971,385000
C1,CUZ01977,725000
C1,CUZ01978,120000
C1,CUZ01980,345000
C1,CUZ01987,635000
C1,CUZ01992,625000
C1,CUZ01999,305000
C1,CUZ02005,110000
C1,CUZ02016,155000
C1,CUZ02030,725000
C1,CUZ02031,1090000
C1,CUZ02040,675000
C1,CUZ02048,435000
C1,CUZ02065,230000
C1,CUZ02068,1379000
C1,CUZ02078,370000
C1,CUZ02086,480000
C1,CUZ02097,200000
C1,CUZ02099,770000
C1,CUZ02100,160000
C1,CUZ02108,320000
C1,CUZ02156,210000
C1,CUZ02181,825000
C1,CUZ02187,630000
C1,CUZ02207,140000
C1,CUZ02211,280000
C1,CUZ02213,300000
C1,CUZ02215,405000
C1,CUZ02237,520000
C1,CUZ02240,245000
C1,CUZ02243,170000
C1,CUZ02272,619000
C1,CUZ02302,275000
C1,CUZ02303,435000
C1,CUZ02304,565000
C1,CUZ02307,390000
C1,CUZ02314,710000
C1,CUZ02330,815000
C1,CUZ02348,720000
C1,CUZ02360,475000
C1,CUZ02376,180000
C1,CUZ02381,355000
C1,CUZ02390,435000
C1,CUZ02402,470000
C1,CUZ02404,320000
C1,CUZ02418,595000
C1,CUZ02424,830000
C1,CUZ02432,105000
C1,CUZ02435,225000
C1,CUZ02439,345000
C1,CUZ02441,160000
C1,CUZ02442,375000
C1,CUZ02443,370000
C1,CUZ02446,1375000
C1,CUZ02470,450000
C1,CUZ02480,505000
C1,CUZ02485,455000
C1,CUZ02493,1050000
C1,CUZ02503,335000
C1,CUZ02508,870000
C1,CUZ02515,380000
C1,CUZ02527,315000
C1,CUZ02538,440000
C1,CUZ02542,724000
C1,CUZ02559,350000
C1,CUZ02567,620000
C1,CUZ02571,460000
C1,CUZ02581,475000
C1,CUZ02582,1555000
C1,CUZ02588,310000
C1,CUZ02593,774000
C1,CUZ02599,970000
C1,CUZ02621,245000
C1,CUZ02631,510000
C1,CUZ02632,895000
C1,CUZ02634,465000
C1,CUZ02669,840000
C1,CUZ02678,860000
C1,CUZ02696,645000
C1,CUZ02699,580000
C1,CUZ02701,539000
C1,CUZ02712,1424000
C1,CUZ02726,420000
C1,CUZ02729,245000
C1,CUZ02738,449000
C1,CUZ02740,690000
C1,CUZ02745,280000
C1,CUZ02772,460000
C1,CUZ02782,455000
C1,CUZ02787,395000
C1,CUZ02792,890000
C1,CUZ02810,745000
C1,CUZ02818,290000
C1,CUZ02828,255000
C1,CUZ02833,400000
C1,CUZ02835,1805000
C1,CUZ02840,1070000
C1,CUZ02861,1070000
C1,CUZ02868,240000
C1,CUZ02875,840000
C1,CUZ02887,125000
C1,CUZ02919,495000
C1,CUZ02925,310000
C1,CUZ02928,220000
C1,CUZ02933,375000
C1,CUZ02940,320000
C1,CUZ02947,845000
C1,CUZ02954,365000
C1,CUZ02991,550000
C1,CUZ02993,670000
C1,CUZ02996,270000
C1,CUZ02998,655000
C1,CUZ03008,550000
C1,CUZ03022,640000
C1,CUZ03031,360000
C1,CUZ03034,934000
C1,CUZ03041,575000
C1,CUZ03050,585000
C1,CUZ03058,435000
C1,CUZ03060,495000
C1,CUZ03063,280000
C1,CUZ03069,605000
C1,CUZ03072,730000
C1,CUZ03079,575000
C1,CUZ03085,380000
C1,CUZ03092,395000
C1,CUZ03102,510000
C1,CUZ03104,410000
C1,CUZ03110,1234000
C1,CUZ03120,190000
C1,CUZ03123,130000
C1,CUZ03126,2225000
C1,CUZ03132,215000
C1,CUZ03137,620000
C1,CUZ03144,310000
C1,CUZ03152,945000
C1,CUZ03181,1425000
C1,CUZ03187,460000
C1,CUZ03188,540000
C1,CUZ03192,580000
C1,CUZ03204,275000
C1,CUZ03210,235000
C1,CUZ03212,215000
C1,CUZ03218,450000
C1,CUZ03223,600000
C1,CUZ03242,990000
C1,CUZ03244,575000
C1,CUZ03261,630000
C1,CUZ03266,895000
C1,CUZ03270,415000
C1,CUZ03272,855000
C1,CUZ03273,420000
C1,CUZ03280,560000
C1,CUZ03284,445000
C1,CUZ03303,385000
C1,CUZ03304,659000
C1,CUZ03307,560000
C1,CUZ03315,560000
C1,CUZ03326,785000
C1,CUZ03334,1069000
C1,CUZ03352,600000
C1,CUZ03359,990000
C1,CUZ03373,355000
C1,CUZ03376,720000
C1,CUZ03378,550000
C1,CUZ03385,520000
C1,CUZ03390,465000
C1,CUZ03401,690000
C1,CUZ03407,485000
C1,CUZ03441,559000
C1,CUZ03451,675000
C1,CUZ03456,565000
C1,CUZ03460,645000
C1,CUZ03467,600000
C1,CUZ03471,350000
C1,CUZ03479,665000
C1,CUZ03492,1245000
C1,CUZ03501,825000
C1,CUZ03511,725000
C1,CUZ03513,659000
C1,CUZ03518,515000
C1,CUZ03528,485000
C1,CUZ03544,615000
C1,CUZ03545,1074000
C1,CUZ03546,650000
C1,CUZ03557,1160000
C1,CUZ03559,375000
C1,CUZ03563,585000
C1,CUZ03568,1005000
C1,CUZ03570,439000
C1,CUZ03583,735000
C1,CUZ03586,190000
C1,CUZ03602,550000
C1,CUZ03606,240000
C1,CUZ03614,940000
C1,CUZ03620,470000
C1,CUZ03622,885000
C1,CUZ03624,315000
C1,CUZ03628,1100000
C1,CUZ03631,625000
C1,CUZ03639,780000
C1,CUZ03641,365000
C1,CUZ03645,455000
C1,CUZ03646,875000
C1,CUZ03652,345000
C1,CUZ03660,170000
C1,CUZ03663,535000
C1,CUZ03665,859000
C1,CUZ03674,430000
C1,CUZ03687,760000
C1,CUZ03699,525000
C1,CUZ03701,420000
C1,CUZ03706,515000
C1,CUZ03707,520000
C1,CUZ03709,985000
C1,CUZ03738,465000
C1,CUZ03743,450000
C1,CUZ03744,740000
C1,CUZ03746,410000
C1,CUZ03752,325000
C1,CUZ03757,520000
C1,CUZ03769,330000
C1,CUZ03782,305000
C1,CUZ03790,335000
C1,CUZ03792,490000
C1,CUZ03799,769000
C1,CUZ03822,665000
C1,CUZ03834,480000
C1,CUZ03835,505000
C1,CUZ03841,420000
C1,CUZ03844,590000
C1,CUZ03854,415000
C1,CUZ03862,750000
C1,CUZ03863,560000
C1,CUZ03864,888000
C1,CUZ03872,580000
C1,CUZ03888,430000
C1,CUZ03889,460000
C1,CUZ03892,540000
C1,CUZ03905,930000
C1,CUZ03923,150000
C1,CUZ03924,230000
C1,CUZ03933,335000
C1,CUZ03937,375000
C2,CUZ00011,110000
C2,CUZ00024,545000
C2,CUZ00033,655000
C2,CUZ00051,100000
C2,CUZ00052,350000
C2,CUZ00075,515000
C2,CUZ00077,629000
C2,CUZ00084,105000
C2,CUZ00107,260000
C2,CUZ00115,380000
C2,CUZ00124,265000
C2,CUZ00132,815000
C2,CUZ00180,790000
C2,CUZ00181,495000
C2,CUZ00201,300000
C2,CUZ00227,315000
C2,CUZ00233,490000
C2,CUZ00257,325000
C2,CUZ00268,420000
C2,CUZ00283,759000
C2,CUZ00307,205000
C2,CUZ00313,675000
C2,CUZ00322,800000
C2,CUZ00342,105000
C2,CUZ00343,485000
C2,CUZ00345,470000
C2,CUZ00368,225000
C2,CUZ00401,110000
C2,CUZ00409,405000
C2,CUZ00412,265000
C2,CUZ00415,310000
C2,CUZ00426,525000
C2,CUZ00429,705000
C2,CUZ00430,535000
C2,CUZ00489,545000
C2,CUZ00492,689000
C2,CUZ00514,220000
C2,CUZ00519,50000
C2,CUZ00523,255000
C2,CUZ00602,1059000
C2,CUZ00608,260000
C2,CUZ00614,415000
C2,CUZ00632,445000
C2,CUZ00640,335000
C2,CUZ00656,110000
C2,CUZ00666,485000
C2,CUZ00696,220000
C2,CUZ00717,510000
C2,CUZ00735,970000
C2,CUZ00750,225000
C2,CUZ00770,200000
C2,CUZ00787,485000
C2,CUZ00795,410000
C2,CUZ00865,165000
C2,CUZ00868,245000
C2,CUZ00893,615000
C2,CUZ00926,490000
C2,CUZ00930,405000
C2,CUZ00931,60000
C2,CUZ00932,435000
C2,CUZ00933,160000
C2,CUZ00934,500000
C2,CUZ00944,885000
C2,CUZ00950,814000
C2,CUZ00971,290000
C2,CUZ01005,245000
C2,CUZ01013,245000
C2,CUZ01016,365000
C2,CUZ01046,615000
C2,CUZ01047,60000
C2,CUZ01057,460000
C2,CUZ01073,444000
C2,CUZ01074,165000
C2,CUZ01100,315000
C2,CUZ01130,490000
C2,CUZ01144,405000
C2,CUZ01207,335000
C2,CUZ01215,580000
C2,CUZ01321,55000
C2,CUZ01328,160000
C2,CUZ01329,594000
C2,CUZ01347,415000
C2,CUZ01361,245000
C2,CUZ01368,60000
C2,CUZ01384,790000
C2,CUZ01389,450000
C2,CUZ01445,310000
C2,CUZ01453,375000
C2,CUZ01467,435000
C2,CUZ01471,1785000
C2,CUZ01472,919000
C2,CUZ01496,714000
C2,CUZ01501,370000
C2,CUZ01505,565000
C2,CUZ01507,180000
C2,CUZ01535,455000
C2,CUZ01539,60000
C2,CUZ01549,1530000
C2,CUZ01553,510000
C2,CUZ01556,295000
C2,CUZ01561,240000
C2,CUZ01590,375000
C2,CUZ01607,55000
C2,CUZ01612,724000
C2,CUZ01616,260000
C2,CUZ01633,380000
C2,CUZ01634,235000
C2,CUZ01635,325000
C2,CUZ01639,240000
C2,CUZ01645,604000
C2,CUZ01646,60000
C2,CUZ01672,200000
C2,CUZ01702,185000
C2,CUZ01710,680000
C2,CUZ01714,315000
C2,CUZ01718,445000
C2,CUZ01734,465000
C2,CUZ01739,330000
C2,CUZ01751,515000
C2,CUZ01753,355000
C2,CUZ01758,485000
C2,CUZ01766,444000
C2,CUZ01785,280000
C2,CUZ01788,55000
C2,CUZ01800,220000
C2,CUZ01804,375000
C2,CUZ01809,185000
C2,CUZ01818,1019000
C2,CUZ01822,230000
C2,CUZ01829,920000
C2,CUZ01868,635000
C2,CUZ01902,1010000
C2,CUZ01918,520000
C2,CUZ01965,350000
C2,CUZ02018,380000
C2,CUZ02024,205000
C2,CUZ02035,185000
C2,CUZ02074,260000
C2,CUZ02077,115000
C2,CUZ02090,345000
C2,CUZ02112,300000
C2,CUZ02117,634000
C2,CUZ02123,260000
C2,CUZ02127,475000
C2,CUZ02136,375000
C2,CUZ02142,340000
C2,CUZ02150,145000
C2,CUZ02158,170000
C2,CUZ02167,730000
C2,CUZ02174,670000
C2,CUZ02175,160000
C2,CUZ02176,495000
C2,CUZ02182,245000
C2,CUZ02190,240000
C2,CUZ02203,315000
C2,CUZ02219,649000
C2,CUZ02227,180000
C2,CUZ02232,360000
C2,CUZ02234,565000
C2,CUZ02253,215000
C2,CUZ02277,500000
C2,CUZ02282,290000
C2,CUZ02285,2150000
C2,CUZ02286,320000
C2,CUZ02299,345000
C2,CUZ02315,335000
C2,CUZ02327,335000
C2,CUZ02333,765000
C2,CUZ02366,610000
C2,CUZ02377,1558000
C2,CUZ02389,120000
C2,CUZ02393,200000
C2,CUZ02408,740000
C2,CUZ02448,435000
C2,CUZ02462,1005000
C2,CUZ02466,595000
C2,CUZ02501,630000
C2,CUZ02516,1125000
C2,CUZ02578,270000
C2,CUZ02626,370000
C2,CUZ02633,600000
C2,CUZ02640,160000
C2,CUZ02646,120000
C2,CUZ02661,2039000
C2,CUZ02667,460000
C2,CUZ02680,555000
C2,CUZ02724,170000
C2,CUZ02725,985000
C2,CUZ02747,205000
C2,CUZ02758,365000
C2,CUZ02764,345000
C2,CUZ02768,155000
C2,CUZ02781,620000
C2,CUZ02788,440000
C2,CUZ02813,534000
C2,CUZ02819,165000
C2,CUZ02825,685000
C2,CUZ02827,525000
C2,CUZ02844,545000
C2,CUZ02857,520000
C2,CUZ02884,1130000
C2,CUZ02894,735000
C2,CUZ02912,485000
C2,CUZ02923,515000
C2,CUZ02948,245000
C2,CUZ02949,260000
C2,CUZ02980,585000
C2,CUZ02995,250000
C2,CUZ02999,260000
C2,CUZ03001,565000
C2,CUZ03005,390000
C2,CUZ03009,600000
C2,CUZ03051,445000
C2,CUZ03056,355000
C2,CUZ03073,530000
C2,CUZ03074,385000
C2,CUZ03075,415000
C2,CUZ03089,180000
C2,CUZ03117,340000
C2,CUZ03119,450000
C2,CUZ03128,650000
C2,CUZ03156,465000
C2,CUZ03162,569000
C2,CUZ03169,865000
C2,CUZ03173,450000
C2,CUZ03178,505000
C2,CUZ03193,205000
C2,CUZ03203,335000
C2,CUZ03234,450000
C2,CUZ03235,320000
C2,CUZ03264,380000
C2,CUZ03276,665000
C2,CUZ03286,290000
C2,CUZ03294,355000
C2,CUZ03327,440000
C2,CUZ03329,345000
C2,CUZ03377,370000
C2,CUZ03381,690000
C2,CUZ03387,500000
C2,CUZ03408,310000
C2,CUZ03411,494000
C2,CUZ03413,530000
C2,CUZ03461,355000
C2,CUZ03472,499000
C2,CUZ03474,570000
C2,CUZ03478,545000
C2,CUZ03488,805000
C2,CUZ03490,680000
C2,CUZ03497,460000
C2,CUZ03504,754000
C2,CUZ03514,335000
C2,CUZ03533,360000
C2,CUZ03541,544000
C2,CUZ03542,765000
C2,CUZ03551,690000
C2,CUZ03558,340000
C2,CUZ03564,410000
C2,CUZ03579,335000
C2,CUZ03589,430000
C2,CUZ03599,550000
C2,CUZ03608,475000
C2,CUZ03611,350000
C2,CUZ03617,415000
C2,CUZ03635,375000
C2,CUZ03642,160000
C2,CUZ03643,295000
C2,CUZ03667,475000
C2,CUZ03681,290000
C2,CUZ03683,410000
C2,CUZ03692,340000
C2,CUZ03710,390000
C2,CUZ03711,985000
C2,CUZ03712,760000
C2,CUZ03716,435000
C2,CUZ03725,355000
C2,CUZ03727,695000
C2,CUZ03728,165000
C2,CUZ03740,1069000
C2,CUZ03742,825000
C2,CUZ03753,650000
C2,CUZ03760,560000
C2,CUZ03761,620000
C2,CUZ03778,460000
C2,CUZ03798,535000
C2,CUZ03811,954000
C2,CUZ03824,645000
C2,CUZ03829,545000
C2,CUZ03845,560000
C2,CUZ03847,360000
C2,CUZ03849,679000
C2,CUZ03875,375000
C2,CUZ03903,240000
C2,CUZ03906,569000
C2,CUZ03916,480000
C2,CUZ03929,705000
C3,CUZ00050,210000
C3,CUZ00054,549000
C3,CUZ00060,160000
C3,CUZ00087,735000
C3,CUZ00137,629000
C3,CUZ00156,295000
C3,CUZ00194,485000
C3,CUZ00215,315000
C3,CUZ00224,310000
C3,CUZ00232,305000
C3,CUZ00249,160000
C3,CUZ00250,475000
C3,CUZ00258,165000
C3,CUZ00260,330000
C3,CUZ00262,300000
C3,CUZ00264,565000
C3,CUZ00348,475000
C3,CUZ00355,240000
C3,CUZ00357,435000
C3,CUZ00385,714000
C3,CUZ00394,645000
C3,CUZ00408,160000
C3,CUZ00413,160000
C3,CUZ00427,185000
C3,CUZ00428,490000
C3,CUZ00433,150000
C3,CUZ00438,460000
C3,CUZ00454,480000
C3,CUZ00462,125000
C3,CUZ00471,345000
C3,CUZ00483,160000
C3,CUZ00501,165000
C3,CUZ00538,325000
C3,CUZ00665,425000
C3,CUZ00725,160000
C3,CUZ00874,345000
C3,CUZ00989,325000
C3,CUZ01003,240000
C3,CUZ01313,160000
C3,CUZ01457,160000
C3,CUZ01626,510000
C3,CUZ01690,400000
C3,CUZ02067,160000
C3,CUZ02154,160000
C3,CUZ02385,724000
C3,CUZ02392,325000
C3,CUZ02401,230000
C3,CUZ02609,320000
C3,CUZ02730,240000
C3,CUZ02790,325000
C3,CUZ02812,610000
C3,CUZ02846,305000
C3,CUZ02851,325000
C3,CUZ02877,305000
C3,CUZ02886,565000
C3,CUZ02973,225000
C3,CUZ03026,315000
C3,CUZ03086,345000
C3,CUZ03140,160000
C3,CUZ03141,449000
C3,CUZ03154,565000
C3,CUZ03195,400000
C3,CUZ03201,295000
C3,CUZ03301,485000
C3,CUZ03318,345000
C3,CUZ03330,679000
C3,CUZ03396,780000
C3,CUZ03436,300000
C3,CUZ03447,345000
C3,CUZ03455,460000
C3,CUZ03466,245000
C3,CUZ03476,650000
C3,CUZ03560,545000
C3,CUZ03637,425000
C3,CUZ03666,305000
C3,CUZ03691,310000
C3,CUZ03732,490000
C3,CUZ03737,385000
C3,CUZ03764,160000
C3,CUZ03765,250000
C3,CUZ03768,425000
C3,CUZ03774,210000
C3,CUZ03784,585000
C3,CUZ03796,559000
C3,CUZ03806,160000
C3,CUZ03808,630000
C3,CUZ03816,510000
C3,CUZ03826,450000
C3,CUZ03885,425000
C3,CUZ03900,645000
C3,CUZ03917,485000
